INFO 2026-04-21 23:01:30,815 autoreload 3924 7444 Watching for file changes with StatReloader
WARNING 2026-04-21 23:01:44,077 log 3924 13832 "GET / HTTP/1.1" 404 17956
INFO 2026-04-21 23:01:44,220 log 3924 13832 "GET /static/debug_toolbar/css/toolbar.css HTTP/1.1" 200 30587
INFO 2026-04-21 23:01:44,335 log 3924 7396 "GET /static/debug_toolbar/js/toolbar.js HTTP/1.1" 200 14879
INFO 2026-04-21 23:01:44,855 log 3924 7396 "GET /static/debug_toolbar/css/print.css HTTP/1.1" 200 43
INFO 2026-04-21 23:01:45,022 log 3924 7396 "GET /static/debug_toolbar/js/utils.js HTTP/1.1" 200 4700
INFO 2026-04-21 23:01:45,342 log 3924 10032 "GET /static/debug_toolbar/js/toolbar.js HTTP/1.1" 200 14879
INFO 2026-04-21 23:01:45,357 log 3924 10032 "GET /static/debug_toolbar/js/utils.js HTTP/1.1" 200 4700
WARNING 2026-04-21 23:01:46,246 log 3924 7396 "GET /logo.png HTTP/1.1" 404 18005
WARNING 2026-04-21 23:01:46,641 log 3924 7396 "GET /favicon.ico HTTP/1.1" 404 18017
WARNING 2026-04-21 23:01:56,614 log 3924 7396 "GET / HTTP/1.1" 404 17955
WARNING 2026-04-21 23:01:57,043 log 3924 7396 "GET /logo.png HTTP/1.1" 404 18005
INFO 2026-04-21 23:02:14,387 log 3924 9256 "GET /swagger/ HTTP/1.1" 200 15680
INFO 2026-04-21 23:02:14,527 log 3924 9256 "GET /static/drf-yasg/style.css HTTP/1.1" 200 1187
INFO 2026-04-21 23:02:14,533 log 3924 9256 "GET /static/debug_toolbar/css/toolbar.css HTTP/1.1" 200 30587
INFO 2026-04-21 23:02:14,582 log 3924 18908 "GET /static/drf-yasg/swagger-ui-dist/swagger-ui.css HTTP/1.1" 200 177183
INFO 2026-04-21 23:02:14,684 log 3924 18908 "GET /static/drf-yasg/insQ.min.js HTTP/1.1" 200 2093
INFO 2026-04-21 23:02:14,774 log 3924 9256 "GET /static/drf-yasg/swagger-ui-dist/swagger-ui-standalone-preset.js HTTP/1.1" 200 252451
INFO 2026-04-21 23:02:14,806 log 3924 19536 "GET /static/debug_toolbar/js/toolbar.js HTTP/1.1" 200 14879
INFO 2026-04-21 23:02:14,857 log 3924 9256 "GET /static/drf-yasg/swagger-ui-init.js HTTP/1.1" 200 15480
INFO 2026-04-21 23:02:14,876 log 3924 9800 "GET /static/drf-yasg/swagger-ui-dist/swagger-ui-bundle.js HTTP/1.1" 200 1510271
INFO 2026-04-21 23:02:14,901 log 3924 18908 "GET /static/drf-yasg/immutable.min.js HTTP/1.1" 200 56904
INFO 2026-04-21 23:02:15,419 log 3924 18908 "GET /static/debug_toolbar/css/print.css HTTP/1.1" 200 43
INFO 2026-04-21 23:02:15,469 log 3924 18908 "GET /static/debug_toolbar/js/utils.js HTTP/1.1" 200 4700
INFO 2026-04-21 23:02:15,739 log 3924 9548 "GET /static/drf-yasg/insQ.min.js HTTP/1.1" 200 2093
INFO 2026-04-21 23:02:15,766 log 3924 12044 "GET /static/debug_toolbar/js/toolbar.js HTTP/1.1" 200 14879
INFO 2026-04-21 23:02:15,767 log 3924 9548 "GET /static/debug_toolbar/js/utils.js HTTP/1.1" 200 4700
INFO 2026-04-21 23:02:15,770 log 3924 19584 "GET /static/drf-yasg/swagger-ui-init.js HTTP/1.1" 200 15480
INFO 2026-04-21 23:02:15,773 log 3924 8276 "GET /static/drf-yasg/immutable.min.js HTTP/1.1" 200 56904
INFO 2026-04-21 23:02:15,777 log 3924 7392 "GET /static/drf-yasg/swagger-ui-dist/swagger-ui-standalone-preset.js HTTP/1.1" 200 252451
INFO 2026-04-21 23:02:15,799 log 3924 16508 "GET /static/drf-yasg/swagger-ui-dist/swagger-ui-bundle.js HTTP/1.1" 200 1510271
WARNING 2026-04-21 23:02:16,767 log 3924 18908 "GET /swagger/logo.png HTTP/1.1" 404 18037
WARNING 2026-04-21 23:02:17,065 base 3924 18908 view's EmployeeViewSet.get_queryset raised exception during schema generation; use `getattr(self, 'swagger_fake_view', False)` to detect and short-circuit this
Traceback (most recent call last):
  File "C:\Users\hounk\Desktop\AMZ\Gestion Tickets\ticket_backend\venv\Lib\site-packages\drf_yasg\inspectors\base.py", line 48, in call_view_method
    return view_method()
  File "C:\Users\hounk\Desktop\AMZ\Gestion Tickets\ticket_backend\apps\employees\views.py", line 51, in get_queryset
    if self.request.user.role == 'employee':
       ^^^^^^^^^^^^^^^^^^^^^^
AttributeError: 'AnonymousUser' object has no attribute 'role'
WARNING 2026-04-21 23:02:17,073 base 3924 18908 view's TicketLotViewSet.get_queryset raised exception during schema generation; use `getattr(self, 'swagger_fake_view', False)` to detect and short-circuit this
Traceback (most recent call last):
  File "C:\Users\hounk\Desktop\AMZ\Gestion Tickets\ticket_backend\venv\Lib\site-packages\drf_yasg\inspectors\base.py", line 48, in call_view_method
    return view_method()
  File "C:\Users\hounk\Desktop\AMZ\Gestion Tickets\ticket_backend\apps\tickets\views.py", line 45, in get_queryset
    if self.request.user.role == 'employee':
       ^^^^^^^^^^^^^^^^^^^^^^
AttributeError: 'AnonymousUser' object has no attribute 'role'
WARNING 2026-04-21 23:02:17,077 base 3924 18908 view's TicketViewSet.get_queryset raised exception during schema generation; use `getattr(self, 'swagger_fake_view', False)` to detect and short-circuit this
Traceback (most recent call last):
  File "C:\Users\hounk\Desktop\AMZ\Gestion Tickets\ticket_backend\venv\Lib\site-packages\drf_yasg\inspectors\base.py", line 48, in call_view_method
    return view_method()
  File "C:\Users\hounk\Desktop\AMZ\Gestion Tickets\ticket_backend\apps\tickets\views.py", line 94, in get_queryset
    if self.request.user.role == 'employee':
       ^^^^^^^^^^^^^^^^^^^^^^
AttributeError: 'AnonymousUser' object has no attribute 'role'
WARNING 2026-04-21 23:02:17,080 base 3924 18908 view's TicketLotViewSet.get_queryset raised exception during schema generation; use `getattr(self, 'swagger_fake_view', False)` to detect and short-circuit this
Traceback (most recent call last):
  File "C:\Users\hounk\Desktop\AMZ\Gestion Tickets\ticket_backend\venv\Lib\site-packages\drf_yasg\inspectors\base.py", line 48, in call_view_method
    return view_method()
  File "C:\Users\hounk\Desktop\AMZ\Gestion Tickets\ticket_backend\apps\tickets\views.py", line 45, in get_queryset
    if self.request.user.role == 'employee':
       ^^^^^^^^^^^^^^^^^^^^^^
AttributeError: 'AnonymousUser' object has no attribute 'role'
WARNING 2026-04-21 23:02:17,084 base 3924 18908 view's EmployeeViewSet.get_queryset raised exception during schema generation; use `getattr(self, 'swagger_fake_view', False)` to detect and short-circuit this
Traceback (most recent call last):
  File "C:\Users\hounk\Desktop\AMZ\Gestion Tickets\ticket_backend\venv\Lib\site-packages\drf_yasg\inspectors\base.py", line 48, in call_view_method
    return view_method()
  File "C:\Users\hounk\Desktop\AMZ\Gestion Tickets\ticket_backend\apps\employees\views.py", line 51, in get_queryset
    if self.request.user.role == 'employee':
       ^^^^^^^^^^^^^^^^^^^^^^
AttributeError: 'AnonymousUser' object has no attribute 'role'
WARNING 2026-04-21 23:02:17,094 base 3924 18908 view's TicketLotViewSet.get_queryset raised exception during schema generation; use `getattr(self, 'swagger_fake_view', False)` to detect and short-circuit this
Traceback (most recent call last):
  File "C:\Users\hounk\Desktop\AMZ\Gestion Tickets\ticket_backend\venv\Lib\site-packages\drf_yasg\inspectors\base.py", line 48, in call_view_method
    return view_method()
  File "C:\Users\hounk\Desktop\AMZ\Gestion Tickets\ticket_backend\apps\tickets\views.py", line 45, in get_queryset
    if self.request.user.role == 'employee':
       ^^^^^^^^^^^^^^^^^^^^^^
AttributeError: 'AnonymousUser' object has no attribute 'role'
WARNING 2026-04-21 23:02:17,110 base 3924 18908 view's EmployeeViewSet.get_queryset raised exception during schema generation; use `getattr(self, 'swagger_fake_view', False)` to detect and short-circuit this
Traceback (most recent call last):
  File "C:\Users\hounk\Desktop\AMZ\Gestion Tickets\ticket_backend\venv\Lib\site-packages\drf_yasg\inspectors\base.py", line 48, in call_view_method
    return view_method()
  File "C:\Users\hounk\Desktop\AMZ\Gestion Tickets\ticket_backend\apps\employees\views.py", line 51, in get_queryset
    if self.request.user.role == 'employee':
       ^^^^^^^^^^^^^^^^^^^^^^
AttributeError: 'AnonymousUser' object has no attribute 'role'
WARNING 2026-04-21 23:02:17,121 base 3924 18908 view's EmployeeViewSet.get_queryset raised exception during schema generation; use `getattr(self, 'swagger_fake_view', False)` to detect and short-circuit this
Traceback (most recent call last):
  File "C:\Users\hounk\Desktop\AMZ\Gestion Tickets\ticket_backend\venv\Lib\site-packages\drf_yasg\inspectors\base.py", line 48, in call_view_method
    return view_method()
  File "C:\Users\hounk\Desktop\AMZ\Gestion Tickets\ticket_backend\apps\employees\views.py", line 51, in get_queryset
    if self.request.user.role == 'employee':
       ^^^^^^^^^^^^^^^^^^^^^^
AttributeError: 'AnonymousUser' object has no attribute 'role'
WARNING 2026-04-21 23:02:17,132 base 3924 18908 view's TicketLotViewSet.get_queryset raised exception during schema generation; use `getattr(self, 'swagger_fake_view', False)` to detect and short-circuit this
Traceback (most recent call last):
  File "C:\Users\hounk\Desktop\AMZ\Gestion Tickets\ticket_backend\venv\Lib\site-packages\drf_yasg\inspectors\base.py", line 48, in call_view_method
    return view_method()
  File "C:\Users\hounk\Desktop\AMZ\Gestion Tickets\ticket_backend\apps\tickets\views.py", line 45, in get_queryset
    if self.request.user.role == 'employee':
       ^^^^^^^^^^^^^^^^^^^^^^
AttributeError: 'AnonymousUser' object has no attribute 'role'
WARNING 2026-04-21 23:02:17,149 base 3924 18908 view's EmployeeViewSet.get_queryset raised exception during schema generation; use `getattr(self, 'swagger_fake_view', False)` to detect and short-circuit this
Traceback (most recent call last):
  File "C:\Users\hounk\Desktop\AMZ\Gestion Tickets\ticket_backend\venv\Lib\site-packages\drf_yasg\inspectors\base.py", line 48, in call_view_method
    return view_method()
  File "C:\Users\hounk\Desktop\AMZ\Gestion Tickets\ticket_backend\apps\employees\views.py", line 51, in get_queryset
    if self.request.user.role == 'employee':
       ^^^^^^^^^^^^^^^^^^^^^^
AttributeError: 'AnonymousUser' object has no attribute 'role'
WARNING 2026-04-21 23:02:17,152 base 3924 18908 view's TicketLotViewSet.get_queryset raised exception during schema generation; use `getattr(self, 'swagger_fake_view', False)` to detect and short-circuit this
Traceback (most recent call last):
  File "C:\Users\hounk\Desktop\AMZ\Gestion Tickets\ticket_backend\venv\Lib\site-packages\drf_yasg\inspectors\base.py", line 48, in call_view_method
    return view_method()
  File "C:\Users\hounk\Desktop\AMZ\Gestion Tickets\ticket_backend\apps\tickets\views.py", line 45, in get_queryset
    if self.request.user.role == 'employee':
       ^^^^^^^^^^^^^^^^^^^^^^
AttributeError: 'AnonymousUser' object has no attribute 'role'
WARNING 2026-04-21 23:02:17,264 base 3924 18908 view's ExpireTicketsView.get_serializer raised exception during schema generation; use `getattr(self, 'swagger_fake_view', False)` to detect and short-circuit this
Traceback (most recent call last):
  File "C:\Users\hounk\Desktop\AMZ\Gestion Tickets\ticket_backend\venv\Lib\site-packages\drf_yasg\inspectors\base.py", line 48, in call_view_method
    return view_method()
  File "C:\Users\hounk\Desktop\AMZ\Gestion Tickets\ticket_backend\venv\Lib\site-packages\rest_framework\generics.py", line 112, in get_serializer
    serializer_class = self.get_serializer_class()
  File "C:\Users\hounk\Desktop\AMZ\Gestion Tickets\ticket_backend\venv\Lib\site-packages\rest_framework\generics.py", line 126, in get_serializer_class
    assert self.serializer_class is not None, (
           ^^^^^^^^^^^^^^^^^^^^^^^^^^^^^^^^^
AssertionError: 'ExpireTicketsView' should either include a `serializer_class` attribute, or override the `get_serializer_class()` method.
WARNING 2026-04-21 23:02:17,268 base 3924 18908 view's ExpireTicketsView.get_serializer raised exception during schema generation; use `getattr(self, 'swagger_fake_view', False)` to detect and short-circuit this
Traceback (most recent call last):
  File "C:\Users\hounk\Desktop\AMZ\Gestion Tickets\ticket_backend\venv\Lib\site-packages\drf_yasg\inspectors\base.py", line 48, in call_view_method
    return view_method()
  File "C:\Users\hounk\Desktop\AMZ\Gestion Tickets\ticket_backend\venv\Lib\site-packages\rest_framework\generics.py", line 112, in get_serializer
    serializer_class = self.get_serializer_class()
  File "C:\Users\hounk\Desktop\AMZ\Gestion Tickets\ticket_backend\venv\Lib\site-packages\rest_framework\generics.py", line 126, in get_serializer_class
    assert self.serializer_class is not None, (
           ^^^^^^^^^^^^^^^^^^^^^^^^^^^^^^^^^
AssertionError: 'ExpireTicketsView' should either include a `serializer_class` attribute, or override the `get_serializer_class()` method.
INFO 2026-04-21 23:02:17,380 log 3924 9800 "GET /static/drf-yasg/swagger-ui-dist/favicon-32x32.png HTTP/1.1" 200 628
INFO 2026-04-21 23:02:17,432 log 3924 18908 "GET /swagger/?format=openapi HTTP/1.1" 200 27005
INFO 2026-04-21 23:02:18,011 log 3924 18908 "GET /__debug__/history_sidebar/?request_id=9261eb06757f4420bc8284614431cf04 HTTP/1.1" 200 10454
INFO 2026-04-21 23:03:37,250 autoreload 3924 7444 C:\Users\hounk\Desktop\AMZ\Gestion Tickets\ticket_backend\apps\employees\views.py changed, reloading.
INFO 2026-04-21 23:03:39,830 autoreload 14988 17952 Watching for file changes with StatReloader
INFO 2026-04-21 23:04:02,487 autoreload 14988 17952 C:\Users\hounk\Desktop\AMZ\Gestion Tickets\ticket_backend\apps\tickets\views.py changed, reloading.
INFO 2026-04-21 23:04:04,959 autoreload 5888 18988 Watching for file changes with StatReloader
INFO 2026-04-21 23:04:22,632 autoreload 5888 18988 C:\Users\hounk\Desktop\AMZ\Gestion Tickets\ticket_backend\apps\tickets\serializers.py changed, reloading.
INFO 2026-04-21 23:04:24,562 autoreload 8120 11400 Watching for file changes with StatReloader
INFO 2026-04-21 23:05:06,467 autoreload 8120 11400 C:\Users\hounk\Desktop\AMZ\Gestion Tickets\ticket_backend\apps\tickets\serializers.py changed, reloading.
INFO 2026-04-21 23:05:08,379 autoreload 7944 9832 Watching for file changes with StatReloader
INFO 2026-04-21 23:05:16,351 autoreload 11612 17860 Watching for file changes with StatReloader
INFO 2026-04-21 23:05:57,358 autoreload 11612 17860 C:\Users\hounk\Desktop\AMZ\Gestion Tickets\ticket_backend\apps\tickets\views.py changed, reloading.
INFO 2026-04-21 23:05:59,937 autoreload 5888 3636 Watching for file changes with StatReloader
INFO 2026-04-21 23:06:07,752 log 5888 10096 "GET /redoc/ HTTP/1.1" 200 14972
INFO 2026-04-21 23:06:07,817 log 5888 10096 "GET /static/drf-yasg/style.css HTTP/1.1" 304 0
INFO 2026-04-21 23:06:07,830 log 5888 10096 "GET /static/drf-yasg/insQ.min.js HTTP/1.1" 304 0
INFO 2026-04-21 23:06:07,836 log 5888 10096 "GET /static/debug_toolbar/css/toolbar.css HTTP/1.1" 304 0
INFO 2026-04-21 23:06:07,842 log 5888 10096 "GET /static/debug_toolbar/js/toolbar.js HTTP/1.1" 304 0
INFO 2026-04-21 23:06:07,946 log 5888 13476 "GET /static/drf-yasg/redoc-init.js HTTP/1.1" 200 2566
INFO 2026-04-21 23:06:08,029 log 5888 13984 "GET /static/drf-yasg/redoc/redoc.min.js HTTP/1.1" 200 1042511
INFO 2026-04-21 23:06:08,155 log 5888 6508 "GET /static/drf-yasg/insQ.min.js HTTP/1.1" 304 0
INFO 2026-04-21 23:06:08,156 log 5888 9952 "GET /static/debug_toolbar/js/toolbar.js HTTP/1.1" 304 0
INFO 2026-04-21 23:06:08,173 log 5888 6508 "GET /static/drf-yasg/redoc-init.js HTTP/1.1" 200 2566
INFO 2026-04-21 23:06:08,187 log 5888 9952 "GET /static/drf-yasg/redoc/redoc.min.js HTTP/1.1" 200 1042511
INFO 2026-04-21 23:06:08,709 log 5888 13476 "GET /static/debug_toolbar/css/print.css HTTP/1.1" 304 0
INFO 2026-04-21 23:06:08,763 log 5888 10096 "GET /static/debug_toolbar/js/utils.js HTTP/1.1" 304 0
INFO 2026-04-21 23:06:08,794 log 5888 9952 "GET /static/debug_toolbar/js/utils.js HTTP/1.1" 304 0
INFO 2026-04-21 23:06:08,837 log 5888 13984 "GET /redoc/?format=openapi HTTP/1.1" 200 27149
WARNING 2026-04-21 23:06:09,744 log 5888 13984 "GET /redoc/logo.png HTTP/1.1" 404 18029
INFO 2026-04-21 23:06:11,011 log 5888 13984 "GET /static/drf-yasg/redoc/redoc-logo.png HTTP/1.1" 200 4969
INFO 2026-04-21 23:06:31,016 log 5888 13984 "GET /swagger/ HTTP/1.1" 200 15679
INFO 2026-04-21 23:06:31,107 log 5888 13984 "GET /static/drf-yasg/swagger-ui-dist/swagger-ui.css HTTP/1.1" 304 0
INFO 2026-04-21 23:06:31,109 log 5888 13476 "GET /static/drf-yasg/swagger-ui-dist/swagger-ui-standalone-preset.js HTTP/1.1" 304 0
INFO 2026-04-21 23:06:31,113 log 5888 10096 "GET /static/drf-yasg/swagger-ui-dist/swagger-ui-bundle.js HTTP/1.1" 304 0
INFO 2026-04-21 23:06:31,114 log 5888 8972 "GET /static/drf-yasg/immutable.min.js HTTP/1.1" 304 0
INFO 2026-04-21 23:06:31,121 log 5888 10900 "GET /static/drf-yasg/insQ.min.js HTTP/1.1" 304 0
INFO 2026-04-21 23:06:31,124 log 5888 13984 "GET /static/drf-yasg/swagger-ui-init.js HTTP/1.1" 304 0
INFO 2026-04-21 23:06:31,138 log 5888 6508 "GET /static/drf-yasg/swagger-ui-dist/swagger-ui-bundle.js HTTP/1.1" 304 0
INFO 2026-04-21 23:06:31,140 log 5888 17492 "GET /static/drf-yasg/immutable.min.js HTTP/1.1" 304 0
INFO 2026-04-21 23:06:31,140 log 5888 348 "GET /static/drf-yasg/swagger-ui-init.js HTTP/1.1" 304 0
INFO 2026-04-21 23:06:31,138 log 5888 9952 "GET /static/drf-yasg/swagger-ui-dist/swagger-ui-standalone-preset.js HTTP/1.1" 304 0
WARNING 2026-04-21 23:06:32,819 log 5888 13984 "GET /swagger/logo.png HTTP/1.1" 404 18037
INFO 2026-04-21 23:06:33,113 log 5888 10900 "GET /static/drf-yasg/swagger-ui-dist/favicon-32x32.png HTTP/1.1" 304 0
INFO 2026-04-21 23:06:33,154 log 5888 13984 "GET /swagger/?format=openapi HTTP/1.1" 200 27149
INFO 2026-04-21 23:06:33,588 log 5888 13984 "GET /__debug__/history_sidebar/?request_id=7029e52bf9e84536b982d086c38bdddf HTTP/1.1" 200 10454
WARNING 2026-04-21 23:06:44,694 log 5888 4088 "GET /api/docs/ HTTP/1.1" 404 18009
INFO 2026-04-21 23:06:44,773 log 5888 4088 "GET /static/debug_toolbar/css/toolbar.css HTTP/1.1" 304 0
INFO 2026-04-21 23:06:44,776 log 5888 5620 "GET /static/debug_toolbar/js/toolbar.js HTTP/1.1" 304 0
INFO 2026-04-21 23:06:44,894 log 5888 5620 "GET /static/debug_toolbar/css/print.css HTTP/1.1" 304 0
INFO 2026-04-21 23:06:44,930 log 5888 5620 "GET /static/debug_toolbar/js/utils.js HTTP/1.1" 304 0
WARNING 2026-04-21 23:06:45,291 log 5888 5620 "GET /api/docs/logo.png HTTP/1.1" 404 18042
INFO 2026-04-21 23:06:46,520 log 5888 796 "GET /static/debug_toolbar/js/toolbar.js HTTP/1.1" 304 0
INFO 2026-04-21 23:06:46,521 log 5888 6264 "GET /static/debug_toolbar/js/utils.js HTTP/1.1" 304 0
INFO 2026-04-21 23:07:00,926 log 5888 13984 "GET /swagger/ HTTP/1.1" 200 27149
INFO 2026-04-21 23:07:01,189 log 5888 13984 "GET /__debug__/history_sidebar/?request_id=9c23279f04fd4f9c8dff744e270f725c HTTP/1.1" 200 10439
WARNING 2026-04-21 23:08:31,100 log 5888 13984 "POST /api/auth/login/ HTTP/1.1" 400 80
INFO 2026-04-21 23:08:31,329 log 5888 13984 "GET /__debug__/history_sidebar/?request_id=4517a68cee334674811c9bba47d84bcc HTTP/1.1" 200 10444
WARNING 2026-04-21 23:09:04,097 log 5888 13984 "GET /api/v1/auth/login/ HTTP/1.1" 404 18045
INFO 2026-04-21 23:09:04,312 log 5888 13984 "GET /__debug__/history_sidebar/?request_id=d427dd8d5f194ec98a61b368e65ca25a HTTP/1.1" 200 10456
INFO 2026-04-21 23:09:08,208 log 5888 13984 "GET /swagger/ HTTP/1.1" 200 27149
INFO 2026-04-21 23:09:08,430 log 5888 13984 "GET /__debug__/history_sidebar/?request_id=1014aa28068f41c4a00e0091cf66f2c9 HTTP/1.1" 200 10439
INFO 2026-04-21 23:10:45,906 autoreload 5888 3636 C:\Users\hounk\Desktop\AMZ\Gestion Tickets\ticket_backend\apps\accounts\views.py changed, reloading.
INFO 2026-04-21 23:10:49,249 autoreload 16396 8736 Watching for file changes with StatReloader
INFO 2026-04-21 23:11:13,377 autoreload 16396 8736 C:\Users\hounk\Desktop\AMZ\Gestion Tickets\ticket_backend\config\settings\base.py changed, reloading.
INFO 2026-04-21 23:12:40,241 autoreload 18496 3452 Watching for file changes with StatReloader
INFO 2026-04-21 23:13:41,498 autoreload 18496 3452 C:\Users\hounk\Desktop\AMZ\Gestion Tickets\ticket_backend\apps\accounts\views.py changed, reloading.
INFO 2026-04-21 23:13:43,580 autoreload 14628 8736 Watching for file changes with StatReloader
INFO 2026-04-21 23:13:53,716 autoreload 14628 8736 C:\Users\hounk\Desktop\AMZ\Gestion Tickets\ticket_backend\apps\accounts\urls.py changed, reloading.
INFO 2026-04-21 23:13:55,773 autoreload 18644 6892 Watching for file changes with StatReloader
INFO 2026-04-21 23:14:03,468 log 18644 10032 "GET /swagger/ HTTP/1.1" 200 15679
INFO 2026-04-21 23:14:03,561 log 18644 10032 "GET /static/drf-yasg/style.css HTTP/1.1" 304 0
INFO 2026-04-21 23:14:03,566 log 18644 10796 "GET /static/drf-yasg/swagger-ui-dist/swagger-ui.css HTTP/1.1" 304 0
INFO 2026-04-21 23:14:03,571 log 18644 10032 "GET /static/debug_toolbar/css/toolbar.css HTTP/1.1" 304 0
INFO 2026-04-21 23:14:03,574 log 18644 10796 "GET /static/drf-yasg/swagger-ui-dist/swagger-ui-bundle.js HTTP/1.1" 304 0
INFO 2026-04-21 23:14:03,576 log 18644 10032 "GET /static/drf-yasg/swagger-ui-dist/swagger-ui-standalone-preset.js HTTP/1.1" 304 0
INFO 2026-04-21 23:14:03,581 log 18644 10796 "GET /static/drf-yasg/immutable.min.js HTTP/1.1" 304 0
INFO 2026-04-21 23:14:03,583 log 18644 10032 "GET /static/drf-yasg/insQ.min.js HTTP/1.1" 304 0
INFO 2026-04-21 23:14:03,587 log 18644 10796 "GET /static/drf-yasg/swagger-ui-init.js HTTP/1.1" 304 0
INFO 2026-04-21 23:14:03,591 log 18644 10032 "GET /static/debug_toolbar/js/toolbar.js HTTP/1.1" 304 0
INFO 2026-04-21 23:14:03,893 log 18644 3620 "GET /static/drf-yasg/swagger-ui-dist/swagger-ui-bundle.js HTTP/1.1" 304 0
INFO 2026-04-21 23:14:03,900 log 18644 10140 "GET /static/drf-yasg/swagger-ui-dist/swagger-ui-standalone-preset.js HTTP/1.1" 304 0
INFO 2026-04-21 23:14:03,907 log 18644 20416 "GET /static/drf-yasg/insQ.min.js HTTP/1.1" 304 0
INFO 2026-04-21 23:14:03,908 log 18644 3620 "GET /static/drf-yasg/immutable.min.js HTTP/1.1" 304 0
INFO 2026-04-21 23:14:03,909 log 18644 19964 "GET /static/drf-yasg/swagger-ui-init.js HTTP/1.1" 304 0
INFO 2026-04-21 23:14:03,912 log 18644 6340 "GET /static/debug_toolbar/js/toolbar.js HTTP/1.1" 304 0
INFO 2026-04-21 23:14:04,215 log 18644 10032 "GET /static/debug_toolbar/css/print.css HTTP/1.1" 304 0
INFO 2026-04-21 23:14:04,226 log 18644 10032 "GET /static/debug_toolbar/js/utils.js HTTP/1.1" 304 0
INFO 2026-04-21 23:14:05,349 log 18644 6340 "GET /static/debug_toolbar/js/utils.js HTTP/1.1" 304 0
WARNING 2026-04-21 23:14:05,524 log 18644 10032 "GET /swagger/logo.png HTTP/1.1" 404 18037
INFO 2026-04-21 23:14:06,067 log 18644 10796 "GET /static/drf-yasg/swagger-ui-dist/favicon-32x32.png HTTP/1.1" 304 0
INFO 2026-04-21 23:14:06,654 log 18644 10032 "GET /swagger/?format=openapi HTTP/1.1" 200 95412
INFO 2026-04-21 23:14:07,497 log 18644 10032 "GET /__debug__/history_sidebar/?request_id=3c06c8db1fa54a94bdd4346062798546 HTTP/1.1" 200 10454
INFO 2026-04-21 23:14:30,733 log 18644 10032 "GET /swagger/ HTTP/1.1" 200 15679
WARNING 2026-04-21 23:14:31,215 log 18644 10032 "GET /swagger/logo.png HTTP/1.1" 404 18037
INFO 2026-04-21 23:14:32,038 log 18644 10032 "GET /swagger/?format=openapi HTTP/1.1" 200 95412
INFO 2026-04-21 23:14:32,403 log 18644 10032 "GET /__debug__/history_sidebar/?request_id=a6da8d23f2514d7c809051010ab98d33 HTTP/1.1" 200 10454
WARNING 2026-04-21 23:15:26,411 log 18644 10032 "POST /api/auth/login/ HTTP/1.1" 400 57
INFO 2026-04-21 23:15:26,635 log 18644 10032 "GET /__debug__/history_sidebar/?request_id=f79ac9a94b3344c692ddffadfd6f0361 HTTP/1.1" 200 10446
INFO 2026-04-21 23:17:29,462 log 18644 10032 "POST /api/auth/login/ HTTP/1.1" 200 835
INFO 2026-04-21 23:17:29,674 log 18644 10032 "GET /__debug__/history_sidebar/?request_id=aa1555499e0843ad8b315d9dd9d7d727 HTTP/1.1" 200 10446
INFO 2026-04-21 23:19:38,209 autoreload 18644 6892 C:\Users\hounk\Desktop\AMZ\Gestion Tickets\ticket_backend\config\settings\dev.py changed, reloading.
INFO 2026-04-21 23:22:33,393 autoreload 4136 14812 Watching for file changes with StatReloader
INFO 2026-04-21 23:22:44,264 middleware 4136 11844 ← [92m200[0m POST /api/auth/login/ - 1442.80ms
INFO 2026-04-21 23:22:44,270 log 4136 11844 "POST /api/auth/login/ HTTP/1.1" 200 835
INFO 2026-04-21 23:26:28,942 autoreload 4136 14812 C:\Users\hounk\Desktop\AMZ\Gestion Tickets\ticket_backend\apps\providers\models.py changed, reloading.
INFO 2026-04-21 23:26:31,326 autoreload 9560 1484 Watching for file changes with StatReloader
INFO 2026-04-21 23:26:58,588 autoreload 9560 1484 C:\Users\hounk\Desktop\AMZ\Gestion Tickets\ticket_backend\apps\purchases\models.py changed, reloading.
INFO 2026-04-21 23:27:00,564 autoreload 13640 4652 Watching for file changes with StatReloader
INFO 2026-04-21 23:27:54,996 autoreload 13640 4652 C:\Users\hounk\Desktop\AMZ\Gestion Tickets\ticket_backend\apps\providers\models.py changed, reloading.
INFO 2026-04-21 23:27:57,351 autoreload 1356 10248 Watching for file changes with StatReloader
INFO 2026-04-21 23:29:07,214 autoreload 1356 10248 C:\Users\hounk\Desktop\AMZ\Gestion Tickets\ticket_backend\apps\providers\admin.py changed, reloading.
INFO 2026-04-21 23:29:09,797 autoreload 9248 17156 Watching for file changes with StatReloader
INFO 2026-04-21 23:33:58,291 autoreload 11812 4148 Watching for file changes with StatReloader
INFO 2026-04-21 23:34:11,977 middleware 11812 3760 ← [92m200[0m GET /swagger/ - 48.41ms
INFO 2026-04-21 23:34:11,983 log 11812 3760 "GET /swagger/ HTTP/1.1" 200 1704
INFO 2026-04-21 23:34:12,072 log 11812 3760 "GET /static/drf-yasg/style.css HTTP/1.1" 304 0
INFO 2026-04-21 23:34:12,073 log 11812 3732 "GET /static/drf-yasg/swagger-ui-dist/swagger-ui.css HTTP/1.1" 304 0
INFO 2026-04-21 23:34:12,082 log 11812 3760 "GET /static/drf-yasg/swagger-ui-dist/swagger-ui-bundle.js HTTP/1.1" 304 0
INFO 2026-04-21 23:34:12,085 log 11812 3732 "GET /static/drf-yasg/swagger-ui-dist/swagger-ui-standalone-preset.js HTTP/1.1" 304 0
INFO 2026-04-21 23:34:12,096 log 11812 3760 "GET /static/drf-yasg/insQ.min.js HTTP/1.1" 304 0
INFO 2026-04-21 23:34:12,103 log 11812 3732 "GET /static/drf-yasg/immutable.min.js HTTP/1.1" 304 0
INFO 2026-04-21 23:34:12,106 log 11812 3760 "GET /static/drf-yasg/swagger-ui-init.js HTTP/1.1" 304 0
INFO 2026-04-21 23:34:12,404 log 11812 17832 "GET /static/drf-yasg/swagger-ui-dist/swagger-ui-bundle.js HTTP/1.1" 304 0
INFO 2026-04-21 23:34:12,409 log 11812 17832 "GET /static/drf-yasg/swagger-ui-dist/swagger-ui-standalone-preset.js HTTP/1.1" 304 0
INFO 2026-04-21 23:34:12,409 log 11812 11852 "GET /static/drf-yasg/insQ.min.js HTTP/1.1" 304 0
INFO 2026-04-21 23:34:12,416 log 11812 17832 "GET /static/drf-yasg/immutable.min.js HTTP/1.1" 304 0
INFO 2026-04-21 23:34:12,417 log 11812 11852 "GET /static/drf-yasg/swagger-ui-init.js HTTP/1.1" 304 0
INFO 2026-04-21 23:34:13,770 middleware 11812 3760 ← [91m404[0m GET /swagger/logo.png - 12.37ms
WARNING 2026-04-21 23:34:13,771 log 11812 3760 Not Found: /swagger/logo.png
WARNING 2026-04-21 23:34:13,773 log 11812 3760 "GET /swagger/logo.png HTTP/1.1" 404 3938
INFO 2026-04-21 23:34:14,214 log 11812 3732 "GET /static/drf-yasg/swagger-ui-dist/favicon-32x32.png HTTP/1.1" 304 0
INFO 2026-04-21 23:34:14,792 middleware 11812 3760 ← [92m200[0m GET /swagger/ - 776.79ms
INFO 2026-04-21 23:34:14,795 log 11812 3760 "GET /swagger/?format=openapi HTTP/1.1" 200 95412
INFO 2026-04-21 23:35:35,812 autoreload 11812 4148 C:\Users\hounk\Desktop\AMZ\Gestion Tickets\ticket_backend\apps\purchases\models.py changed, reloading.
INFO 2026-04-21 23:35:37,659 autoreload 13832 10352 Watching for file changes with StatReloader
INFO 2026-04-21 23:36:50,246 autoreload 13832 10352 C:\Users\hounk\Desktop\AMZ\Gestion Tickets\ticket_backend\apps\validations\models.py changed, reloading.
INFO 2026-04-21 23:36:52,537 autoreload 20120 9916 Watching for file changes with StatReloader
INFO 2026-04-21 23:36:56,592 autoreload 20120 9916 C:\Users\hounk\Desktop\AMZ\Gestion Tickets\ticket_backend\apps\validations\models.py changed, reloading.
INFO 2026-04-21 23:36:58,579 autoreload 5188 10060 Watching for file changes with StatReloader
INFO 2026-04-21 23:39:46,165 autoreload 12532 11684 Watching for file changes with StatReloader
INFO 2026-04-21 23:39:54,140 middleware 12532 5968 ← [92m200[0m GET /swagger/ - 47.61ms
INFO 2026-04-21 23:39:54,144 log 12532 5968 "GET /swagger/ HTTP/1.1" 200 1704
INFO 2026-04-21 23:39:54,231 log 12532 5968 "GET /static/drf-yasg/style.css HTTP/1.1" 304 0
INFO 2026-04-21 23:39:54,242 log 12532 19396 "GET /static/drf-yasg/swagger-ui-dist/swagger-ui-bundle.js HTTP/1.1" 304 0
INFO 2026-04-21 23:39:54,243 log 12532 5968 "GET /static/drf-yasg/swagger-ui-dist/swagger-ui.css HTTP/1.1" 304 0
INFO 2026-04-21 23:39:54,257 log 12532 19396 "GET /static/drf-yasg/insQ.min.js HTTP/1.1" 304 0
INFO 2026-04-21 23:39:54,257 log 12532 5968 "GET /static/drf-yasg/swagger-ui-dist/swagger-ui-standalone-preset.js HTTP/1.1" 304 0
INFO 2026-04-21 23:39:54,263 log 12532 19396 "GET /static/drf-yasg/immutable.min.js HTTP/1.1" 304 0
INFO 2026-04-21 23:39:54,265 log 12532 5968 "GET /static/drf-yasg/swagger-ui-init.js HTTP/1.1" 304 0
INFO 2026-04-21 23:39:54,564 log 12532 20016 "GET /static/drf-yasg/swagger-ui-dist/swagger-ui-bundle.js HTTP/1.1" 304 0
INFO 2026-04-21 23:39:54,568 log 12532 20016 "GET /static/drf-yasg/insQ.min.js HTTP/1.1" 304 0
INFO 2026-04-21 23:39:54,577 log 12532 20016 "GET /static/drf-yasg/swagger-ui-dist/swagger-ui-standalone-preset.js HTTP/1.1" 304 0
INFO 2026-04-21 23:39:54,579 log 12532 348 "GET /static/drf-yasg/immutable.min.js HTTP/1.1" 304 0
INFO 2026-04-21 23:39:54,588 log 12532 3344 "GET /static/drf-yasg/swagger-ui-init.js HTTP/1.1" 304 0
INFO 2026-04-21 23:39:56,105 middleware 12532 5968 ← [91m404[0m GET /swagger/logo.png - 8.73ms
WARNING 2026-04-21 23:39:56,106 log 12532 5968 Not Found: /swagger/logo.png
WARNING 2026-04-21 23:39:56,107 log 12532 5968 "GET /swagger/logo.png HTTP/1.1" 404 3938
INFO 2026-04-21 23:39:56,638 log 12532 19396 "GET /static/drf-yasg/swagger-ui-dist/favicon-32x32.png HTTP/1.1" 304 0
INFO 2026-04-21 23:39:57,359 middleware 12532 5968 ← [92m200[0m GET /swagger/ - 856.90ms
INFO 2026-04-21 23:39:57,360 log 12532 5968 "GET /swagger/?format=openapi HTTP/1.1" 200 95412
INFO 2026-04-21 23:43:12,368 middleware 12532 5968 ← [92m200[0m GET /swagger/ - 4.62ms
INFO 2026-04-21 23:43:12,370 log 12532 5968 "GET /swagger/ HTTP/1.1" 200 1704
INFO 2026-04-21 23:43:13,930 middleware 12532 5968 ← [91m404[0m GET /swagger/logo.png - 7.44ms
WARNING 2026-04-21 23:43:13,931 log 12532 5968 Not Found: /swagger/logo.png
WARNING 2026-04-21 23:43:13,933 log 12532 5968 "GET /swagger/logo.png HTTP/1.1" 404 3938
INFO 2026-04-21 23:43:14,954 middleware 12532 5968 ← [92m200[0m GET /swagger/ - 789.12ms
INFO 2026-04-21 23:43:14,956 log 12532 5968 "GET /swagger/?format=openapi HTTP/1.1" 200 95412
INFO 2026-04-21 23:44:46,145 middleware 12532 5968 ← [92m200[0m GET /swagger/ - 3.13ms
INFO 2026-04-21 23:44:46,147 log 12532 5968 "GET /swagger/ HTTP/1.1" 200 1704
INFO 2026-04-21 23:44:46,681 middleware 12532 5968 ← [91m404[0m GET /swagger/logo.png - 9.66ms
WARNING 2026-04-21 23:44:46,682 log 12532 5968 Not Found: /swagger/logo.png
WARNING 2026-04-21 23:44:46,683 log 12532 5968 "GET /swagger/logo.png HTTP/1.1" 404 3938
INFO 2026-04-21 23:44:47,492 middleware 12532 5968 ← [92m200[0m GET /swagger/ - 741.15ms
INFO 2026-04-21 23:44:47,494 log 12532 5968 "GET /swagger/?format=openapi HTTP/1.1" 200 95412
INFO 2026-04-21 23:45:51,507 middleware 12532 5968 ← [92m200[0m GET /swagger/ - 3.52ms
INFO 2026-04-21 23:45:51,509 log 12532 5968 "GET /swagger/ HTTP/1.1" 200 1704
INFO 2026-04-21 23:45:51,778 log 12532 5968 "GET /static/drf-yasg/style.css HTTP/1.1" 200 1187
INFO 2026-04-21 23:45:51,791 log 12532 5968 "GET /static/drf-yasg/swagger-ui-dist/swagger-ui.css HTTP/1.1" 200 177183
INFO 2026-04-21 23:45:51,825 log 12532 19692 "GET /static/drf-yasg/swagger-ui-dist/swagger-ui-standalone-preset.js HTTP/1.1" 200 252451
INFO 2026-04-21 23:45:51,840 log 12532 19692 "GET /static/drf-yasg/insQ.min.js HTTP/1.1" 200 2093
INFO 2026-04-21 23:45:51,842 log 12532 5968 "GET /static/drf-yasg/swagger-ui-dist/swagger-ui-bundle.js HTTP/1.1" 200 1510271
INFO 2026-04-21 23:45:51,853 log 12532 19692 "GET /static/drf-yasg/swagger-ui-init.js HTTP/1.1" 200 15480
INFO 2026-04-21 23:45:51,854 log 12532 5968 "GET /static/drf-yasg/immutable.min.js HTTP/1.1" 200 56904
INFO 2026-04-21 23:45:52,153 log 12532 18272 "GET /static/drf-yasg/swagger-ui-dist/swagger-ui-standalone-preset.js HTTP/1.1" 200 252451
INFO 2026-04-21 23:45:52,161 log 12532 10880 "GET /static/drf-yasg/insQ.min.js HTTP/1.1" 200 2093
INFO 2026-04-21 23:45:52,162 log 12532 18272 "GET /static/drf-yasg/swagger-ui-init.js HTTP/1.1" 200 15480
INFO 2026-04-21 23:45:52,173 log 12532 4976 "GET /static/drf-yasg/immutable.min.js HTTP/1.1" 200 56904
INFO 2026-04-21 23:45:52,184 log 12532 4128 "GET /static/drf-yasg/swagger-ui-dist/swagger-ui-bundle.js HTTP/1.1" 200 1510271
INFO 2026-04-21 23:45:52,258 middleware 12532 5968 ← [91m404[0m GET /swagger/logo.png - 9.81ms
WARNING 2026-04-21 23:45:52,259 log 12532 5968 Not Found: /swagger/logo.png
WARNING 2026-04-21 23:45:52,260 log 12532 5968 "GET /swagger/logo.png HTTP/1.1" 404 3938
INFO 2026-04-21 23:45:52,531 log 12532 19692 "GET /static/drf-yasg/swagger-ui-dist/favicon-32x32.png HTTP/1.1" 200 628
INFO 2026-04-21 23:45:53,147 middleware 12532 5968 ← [92m200[0m GET /swagger/ - 800.04ms
INFO 2026-04-21 23:45:53,149 log 12532 5968 "GET /swagger/?format=openapi HTTP/1.1" 200 95412
INFO 2026-04-22 00:02:28,481 autoreload 18364 9228 Watching for file changes with StatReloader
INFO 2026-04-22 00:02:36,837 middleware 18364 9520 ← [92m200[0m GET /swagger/ - 44.71ms
INFO 2026-04-22 00:02:36,841 log 18364 9520 "GET /swagger/ HTTP/1.1" 200 1704
INFO 2026-04-22 00:02:36,943 log 18364 9520 "GET /static/drf-yasg/style.css HTTP/1.1" 304 0
INFO 2026-04-22 00:02:36,947 log 18364 9300 "GET /static/drf-yasg/swagger-ui-dist/swagger-ui.css HTTP/1.1" 304 0
INFO 2026-04-22 00:02:36,960 log 18364 9520 "GET /static/drf-yasg/swagger-ui-dist/swagger-ui-bundle.js HTTP/1.1" 304 0
INFO 2026-04-22 00:02:36,967 log 18364 9300 "GET /static/drf-yasg/swagger-ui-dist/swagger-ui-standalone-preset.js HTTP/1.1" 304 0
INFO 2026-04-22 00:02:36,968 log 18364 9520 "GET /static/drf-yasg/immutable.min.js HTTP/1.1" 304 0
INFO 2026-04-22 00:02:36,976 log 18364 9300 "GET /static/drf-yasg/insQ.min.js HTTP/1.1" 304 0
INFO 2026-04-22 00:02:37,037 log 18364 18816 "GET /static/drf-yasg/swagger-ui-init.js HTTP/1.1" 304 0
INFO 2026-04-22 00:02:37,380 log 18364 13364 "GET /static/drf-yasg/swagger-ui-dist/swagger-ui-bundle.js HTTP/1.1" 304 0
INFO 2026-04-22 00:02:37,383 log 18364 13364 "GET /static/drf-yasg/swagger-ui-dist/swagger-ui-standalone-preset.js HTTP/1.1" 304 0
INFO 2026-04-22 00:02:37,389 log 18364 13364 "GET /static/drf-yasg/immutable.min.js HTTP/1.1" 304 0
INFO 2026-04-22 00:02:37,397 log 18364 13364 "GET /static/drf-yasg/insQ.min.js HTTP/1.1" 304 0
INFO 2026-04-22 00:02:37,404 log 18364 13364 "GET /static/drf-yasg/swagger-ui-init.js HTTP/1.1" 304 0
INFO 2026-04-22 00:02:38,958 middleware 18364 18816 ← [91m404[0m GET /swagger/logo.png - 15.33ms
WARNING 2026-04-22 00:02:38,960 log 18364 18816 Not Found: /swagger/logo.png
WARNING 2026-04-22 00:02:38,962 log 18364 18816 "GET /swagger/logo.png HTTP/1.1" 404 3938
INFO 2026-04-22 00:02:39,401 log 18364 9300 "GET /static/drf-yasg/swagger-ui-dist/favicon-32x32.png HTTP/1.1" 304 0
INFO 2026-04-22 00:02:40,121 middleware 18364 18816 ← [92m200[0m GET /swagger/ - 930.70ms
INFO 2026-04-22 00:02:40,122 log 18364 18816 "GET /swagger/?format=openapi HTTP/1.1" 200 95412
INFO 2026-04-22 00:05:11,560 autoreload 18364 9228 C:\Users\hounk\Desktop\AMZ\Gestion Tickets\ticket_backend\config\urls.py changed, reloading.
INFO 2026-04-22 00:05:14,081 autoreload 20204 12684 Watching for file changes with StatReloader
INFO 2026-04-22 00:06:16,790 middleware 20204 3760 ← [92m200[0m GET /swagger/ - 54.10ms
INFO 2026-04-22 00:06:16,793 log 20204 3760 "GET /swagger/ HTTP/1.1" 200 1704
INFO 2026-04-22 00:06:18,372 middleware 20204 3760 ← [91m404[0m GET /swagger/logo.png - 10.41ms
WARNING 2026-04-22 00:06:18,374 log 20204 3760 Not Found: /swagger/logo.png
WARNING 2026-04-22 00:06:18,375 log 20204 3760 "GET /swagger/logo.png HTTP/1.1" 404 3624
INFO 2026-04-22 00:06:20,354 middleware 20204 3760 ← [92m200[0m GET /swagger/ - 1760.76ms
INFO 2026-04-22 00:06:20,356 log 20204 3760 "GET /swagger/?format=openapi HTTP/1.1" 200 214256
INFO 2026-04-22 00:06:43,788 middleware 20204 3760 ← [92m200[0m GET /swagger/ - 3.13ms
INFO 2026-04-22 00:06:43,791 log 20204 3760 "GET /swagger/ HTTP/1.1" 200 1704
INFO 2026-04-22 00:06:44,262 middleware 20204 3760 ← [91m404[0m GET /swagger/logo.png - 12.55ms
WARNING 2026-04-22 00:06:44,264 log 20204 3760 Not Found: /swagger/logo.png
WARNING 2026-04-22 00:06:44,266 log 20204 3760 "GET /swagger/logo.png HTTP/1.1" 404 3624
INFO 2026-04-22 00:06:46,358 middleware 20204 3760 ← [92m200[0m GET /swagger/ - 2018.21ms
INFO 2026-04-22 00:06:46,361 log 20204 3760 "GET /swagger/?format=openapi HTTP/1.1" 200 214256
INFO 2026-04-22 00:08:37,900 autoreload 20204 12684 C:\Users\hounk\Desktop\AMZ\Gestion Tickets\ticket_backend\config\urls.py changed, reloading.
INFO 2026-04-22 00:08:40,250 autoreload 19868 18148 Watching for file changes with StatReloader
INFO 2026-04-22 00:08:53,339 middleware 19868 19980 ← [92m200[0m GET /swagger/ - 46.08ms
INFO 2026-04-22 00:08:53,342 log 19868 19980 "GET /swagger/ HTTP/1.1" 200 1703
INFO 2026-04-22 00:08:55,018 middleware 19868 19980 ← [91m404[0m GET /swagger/logo.png - 12.70ms
WARNING 2026-04-22 00:08:55,019 log 19868 19980 Not Found: /swagger/logo.png
WARNING 2026-04-22 00:08:55,020 log 19868 19980 "GET /swagger/logo.png HTTP/1.1" 404 3624
INFO 2026-04-22 00:08:57,086 middleware 19868 19980 ← [92m200[0m GET /swagger/ - 1837.05ms
INFO 2026-04-22 00:08:57,087 log 19868 19980 "GET /swagger/?format=openapi HTTP/1.1" 200 214255
INFO 2026-04-22 00:12:00,162 autoreload 19868 18148 C:\Users\hounk\Desktop\AMZ\Gestion Tickets\ticket_backend\config\urls.py changed, reloading.
INFO 2026-04-22 00:12:02,819 autoreload 7684 7244 Watching for file changes with StatReloader
INFO 2026-04-22 00:12:25,308 middleware 7684 18208 ← [92m200[0m GET /swagger/ - 47.95ms
INFO 2026-04-22 00:12:25,312 log 7684 18208 "GET /swagger/ HTTP/1.1" 200 1681
INFO 2026-04-22 00:12:25,402 log 7684 1032 "GET /static/drf-yasg/swagger-ui-dist/swagger-ui.css HTTP/1.1" 304 0
INFO 2026-04-22 00:12:25,403 log 7684 18208 "GET /static/drf-yasg/style.css HTTP/1.1" 304 0
INFO 2026-04-22 00:12:25,411 log 7684 1032 "GET /static/drf-yasg/swagger-ui-dist/swagger-ui-bundle.js HTTP/1.1" 304 0
INFO 2026-04-22 00:12:25,413 log 7684 18208 "GET /static/drf-yasg/swagger-ui-dist/swagger-ui-standalone-preset.js HTTP/1.1" 304 0
INFO 2026-04-22 00:12:25,472 log 7684 1032 "GET /static/drf-yasg/insQ.min.js HTTP/1.1" 304 0
INFO 2026-04-22 00:12:25,473 log 7684 18208 "GET /static/drf-yasg/immutable.min.js HTTP/1.1" 304 0
INFO 2026-04-22 00:12:25,497 log 7684 18208 "GET /static/drf-yasg/swagger-ui-init.js HTTP/1.1" 304 0
INFO 2026-04-22 00:12:25,920 middleware 7684 18208 ← [91m404[0m GET /swagger/logo.png - 9.83ms
WARNING 2026-04-22 00:12:25,922 log 7684 18208 Not Found: /swagger/logo.png
WARNING 2026-04-22 00:12:25,924 log 7684 18208 "GET /swagger/logo.png HTTP/1.1" 404 4208
INFO 2026-04-22 00:12:25,979 log 7684 17232 "GET /static/drf-yasg/swagger-ui-dist/swagger-ui-bundle.js HTTP/1.1" 304 0
INFO 2026-04-22 00:12:25,990 log 7684 6328 "GET /static/drf-yasg/immutable.min.js HTTP/1.1" 304 0
INFO 2026-04-22 00:12:25,991 log 7684 8812 "GET /static/drf-yasg/swagger-ui-dist/swagger-ui-standalone-preset.js HTTP/1.1" 304 0
INFO 2026-04-22 00:12:25,993 log 7684 8852 "GET /static/drf-yasg/insQ.min.js HTTP/1.1" 304 0
INFO 2026-04-22 00:12:25,994 log 7684 17232 "GET /static/drf-yasg/swagger-ui-init.js HTTP/1.1" 304 0
INFO 2026-04-22 00:12:26,310 log 7684 1032 "GET /static/drf-yasg/swagger-ui-dist/favicon-32x32.png HTTP/1.1" 304 0
INFO 2026-04-22 00:12:28,123 middleware 7684 18208 ← [92m200[0m GET /swagger/ - 1933.83ms
INFO 2026-04-22 00:12:28,133 log 7684 18208 "GET /swagger/?format=openapi HTTP/1.1" 200 214253
INFO 2026-04-22 00:13:06,632 autoreload 6768 16612 Watching for file changes with StatReloader
INFO 2026-04-22 00:13:12,560 middleware 6768 17504 ← [92m200[0m GET /swagger/ - 45.60ms
INFO 2026-04-22 00:13:12,564 log 6768 17504 "GET /swagger/ HTTP/1.1" 200 1681
INFO 2026-04-22 00:13:13,116 middleware 6768 17504 ← [91m404[0m GET /swagger/logo.png - 11.56ms
WARNING 2026-04-22 00:13:13,117 log 6768 17504 Not Found: /swagger/logo.png
WARNING 2026-04-22 00:13:13,119 log 6768 17504 "GET /swagger/logo.png HTTP/1.1" 404 4208
INFO 2026-04-22 00:13:15,117 middleware 6768 17504 ← [92m200[0m GET /swagger/ - 1919.31ms
INFO 2026-04-22 00:13:15,120 log 6768 17504 "GET /swagger/?format=openapi HTTP/1.1" 200 214253
INFO 2026-04-22 00:14:33,998 middleware 6768 17504 ← [91m400[0m POST /api/auth/login/ - 1333.26ms
WARNING 2026-04-22 00:14:33,999 log 6768 17504 Bad Request: /api/auth/login/
WARNING 2026-04-22 00:14:34,000 log 6768 17504 "POST /api/auth/login/ HTTP/1.1" 400 57
INFO 2026-04-22 00:15:36,986 middleware 6768 17504 ← [91m400[0m POST /api/auth/login/ - 1287.19ms
WARNING 2026-04-22 00:15:36,987 log 6768 17504 Bad Request: /api/auth/login/
WARNING 2026-04-22 00:15:36,988 log 6768 17504 "POST /api/auth/login/ HTTP/1.1" 400 57
INFO 2026-04-22 00:15:56,283 middleware 6768 17504 ← [91m302[0m GET /admin/ - 39.39ms
INFO 2026-04-22 00:15:56,285 log 6768 17504 "GET /admin/ HTTP/1.1" 302 0
INFO 2026-04-22 00:15:57,215 middleware 6768 17504 ← [92m200[0m GET /admin/login/ - 918.70ms
INFO 2026-04-22 00:15:57,217 log 6768 17504 "GET /admin/login/?next=/admin/ HTTP/1.1" 200 4152
INFO 2026-04-22 00:15:57,530 log 6768 17504 "GET /static/admin/css/base.css HTTP/1.1" 200 23100
INFO 2026-04-22 00:15:57,560 log 6768 17504 "GET /static/admin/css/nav_sidebar.css HTTP/1.1" 200 2810
INFO 2026-04-22 00:15:57,590 log 6768 17504 "GET /static/admin/css/dark_mode.css HTTP/1.1" 200 3538
INFO 2026-04-22 00:15:57,626 log 6768 17504 "GET /static/admin/css/login.css HTTP/1.1" 200 951
INFO 2026-04-22 00:15:57,648 log 6768 19620 "GET /static/admin/js/theme.js HTTP/1.1" 200 1653
INFO 2026-04-22 00:15:57,660 log 6768 20260 "GET /static/admin/css/responsive.css HTTP/1.1" 200 16273
INFO 2026-04-22 00:15:58,033 log 6768 20260 "GET /static/admin/js/nav_sidebar.js HTTP/1.1" 200 3063
INFO 2026-04-22 00:15:58,602 log 6768 3160 "GET /static/admin/js/theme.js HTTP/1.1" 200 1653
INFO 2026-04-22 00:15:58,604 log 6768 6648 "GET /static/admin/js/nav_sidebar.js HTTP/1.1" 200 3063
INFO 2026-04-22 00:15:59,027 middleware 6768 20260 ← [91m302[0m GET /admin/login/logo.png - 1.41ms
INFO 2026-04-22 00:15:59,029 log 6768 20260 "GET /admin/login/logo.png HTTP/1.1" 302 0
INFO 2026-04-22 00:15:59,061 middleware 6768 20260 ← [92m200[0m GET /admin/login/ - 10.53ms
INFO 2026-04-22 00:15:59,063 log 6768 20260 "GET /admin/login/?next=/admin/login/logo.png HTTP/1.1" 200 4180
INFO 2026-04-22 00:15:59,352 middleware 6768 20260 ← [91m404[0m GET /favicon.ico - 14.27ms
WARNING 2026-04-22 00:15:59,358 log 6768 20260 Not Found: /favicon.ico
WARNING 2026-04-22 00:15:59,363 log 6768 20260 "GET /favicon.ico HTTP/1.1" 404 4193
INFO 2026-04-22 00:16:05,799 middleware 6768 20260 ← [92m200[0m POST /admin/login/ - 1311.02ms
INFO 2026-04-22 00:16:05,801 log 6768 20260 "POST /admin/login/?next=/admin/ HTTP/1.1" 200 4413
INFO 2026-04-22 00:16:06,239 middleware 6768 20260 ← [91m302[0m GET /admin/login/logo.png - 1.35ms
INFO 2026-04-22 00:16:06,241 log 6768 20260 "GET /admin/login/logo.png HTTP/1.1" 302 0
INFO 2026-04-22 00:16:06,273 middleware 6768 20260 ← [92m200[0m GET /admin/login/ - 9.53ms
INFO 2026-04-22 00:16:06,275 log 6768 20260 "GET /admin/login/?next=/admin/login/logo.png HTTP/1.1" 200 4180
INFO 2026-04-22 00:17:25,028 autoreload 7976 100 Watching for file changes with StatReloader
INFO 2026-04-22 00:17:31,304 middleware 7976 4012 ← [91m302[0m POST /admin/login/ - 1244.02ms
INFO 2026-04-22 00:17:31,319 log 7976 4012 "POST /admin/login/?next=/admin/ HTTP/1.1" 302 0
INFO 2026-04-22 00:17:31,549 middleware 7976 4012 ← [92m200[0m GET /admin/ - 221.19ms
INFO 2026-04-22 00:17:31,553 log 7976 4012 "GET /admin/ HTTP/1.1" 200 12219
INFO 2026-04-22 00:17:31,816 log 7976 4012 "GET /static/admin/css/dashboard.css HTTP/1.1" 200 441
INFO 2026-04-22 00:17:31,985 log 7976 11980 "GET /static/admin/img/icon-changelink.svg HTTP/1.1" 200 978
INFO 2026-04-22 00:17:31,986 log 7976 4012 "GET /static/admin/img/icon-addlink.svg HTTP/1.1" 200 593
INFO 2026-04-22 00:17:32,312 middleware 7976 4012 ← [91m404[0m GET /admin/logo.png - 87.41ms
WARNING 2026-04-22 00:17:32,322 log 7976 4012 Not Found: /admin/logo.png
WARNING 2026-04-22 00:17:32,324 log 7976 4012 "GET /admin/logo.png HTTP/1.1" 404 7027
INFO 2026-04-22 00:17:38,284 middleware 7976 4012 ← [92m200[0m POST /api/auth/login/ - 1335.45ms
INFO 2026-04-22 00:17:38,285 log 7976 4012 "POST /api/auth/login/ HTTP/1.1" 200 835
INFO 2026-04-22 00:19:07,641 middleware 7976 4012 ← [91m401[0m POST /api/purchases/ - 9.55ms
WARNING 2026-04-22 00:19:07,642 log 7976 4012 Unauthorized: /api/purchases/
WARNING 2026-04-22 00:19:07,643 log 7976 4012 "POST /api/purchases/ HTTP/1.1" 401 58
INFO 2026-04-22 00:20:59,707 middleware 7976 4012 ← [91m401[0m POST /api/purchases/ - 7.64ms
WARNING 2026-04-22 00:20:59,708 log 7976 4012 Unauthorized: /api/purchases/
WARNING 2026-04-22 00:20:59,710 log 7976 4012 "POST /api/purchases/ HTTP/1.1" 401 58
INFO 2026-04-22 00:23:09,961 middleware 7976 4012 ← [92m200[0m POST /api/auth/login/ - 1354.69ms
INFO 2026-04-22 00:23:09,963 log 7976 4012 "POST /api/auth/login/ HTTP/1.1" 200 835
INFO 2026-04-22 00:24:11,705 middleware 7976 4012 ← [91m401[0m POST /api/purchases/ - 7.33ms
WARNING 2026-04-22 00:24:11,706 log 7976 4012 Unauthorized: /api/purchases/
WARNING 2026-04-22 00:24:11,707 log 7976 4012 "POST /api/purchases/ HTTP/1.1" 401 58
INFO 2026-04-22 00:24:23,856 middleware 7976 4012 ← [91m401[0m POST /api/purchases/ - 6.48ms
WARNING 2026-04-22 00:24:23,857 log 7976 4012 Unauthorized: /api/purchases/
WARNING 2026-04-22 00:24:23,858 log 7976 4012 "POST /api/purchases/ HTTP/1.1" 401 58
INFO 2026-04-22 00:25:21,908 middleware 7976 4012 ← [91m401[0m POST /api/purchases/ - 6.79ms
WARNING 2026-04-22 00:25:21,908 log 7976 4012 Unauthorized: /api/purchases/
WARNING 2026-04-22 00:25:21,909 log 7976 4012 "POST /api/purchases/ HTTP/1.1" 401 58
INFO 2026-04-22 00:27:58,507 middleware 7976 4012 ← [91m401[0m GET /api/employees/ - 9.48ms
WARNING 2026-04-22 00:27:58,509 log 7976 4012 Unauthorized: /api/employees/
WARNING 2026-04-22 00:27:58,512 log 7976 4012 "GET /api/employees/ HTTP/1.1" 401 58
INFO 2026-04-22 00:28:07,154 middleware 7976 4012 ← [91m401[0m GET /api/employees/ - 6.41ms
WARNING 2026-04-22 00:28:07,154 log 7976 4012 Unauthorized: /api/employees/
WARNING 2026-04-22 00:28:07,155 log 7976 4012 "GET /api/employees/ HTTP/1.1" 401 58
INFO 2026-04-22 00:28:16,808 middleware 7976 23448 ← [92m200[0m GET /swagger/ - 10.10ms
INFO 2026-04-22 00:28:16,810 log 7976 23448 "GET /swagger/ HTTP/1.1" 200 1681
INFO 2026-04-22 00:28:16,896 log 7976 23448 "GET /static/drf-yasg/style.css HTTP/1.1" 304 0
INFO 2026-04-22 00:28:16,897 log 7976 23452 "GET /static/drf-yasg/swagger-ui-dist/swagger-ui.css HTTP/1.1" 304 0
INFO 2026-04-22 00:28:16,907 log 7976 23448 "GET /static/drf-yasg/swagger-ui-dist/swagger-ui-bundle.js HTTP/1.1" 304 0
INFO 2026-04-22 00:28:16,911 log 7976 23452 "GET /static/drf-yasg/swagger-ui-dist/swagger-ui-standalone-preset.js HTTP/1.1" 304 0
INFO 2026-04-22 00:28:16,920 log 7976 23448 "GET /static/drf-yasg/immutable.min.js HTTP/1.1" 304 0
INFO 2026-04-22 00:28:16,921 log 7976 23452 "GET /static/drf-yasg/insQ.min.js HTTP/1.1" 304 0
INFO 2026-04-22 00:28:16,925 log 7976 23448 "GET /static/drf-yasg/swagger-ui-init.js HTTP/1.1" 304 0
INFO 2026-04-22 00:28:17,232 log 7976 23476 "GET /static/drf-yasg/swagger-ui-dist/swagger-ui-bundle.js HTTP/1.1" 304 0
INFO 2026-04-22 00:28:17,235 log 7976 23480 "GET /static/drf-yasg/swagger-ui-dist/swagger-ui-standalone-preset.js HTTP/1.1" 304 0
INFO 2026-04-22 00:28:17,244 log 7976 23484 "GET /static/drf-yasg/immutable.min.js HTTP/1.1" 304 0
INFO 2026-04-22 00:28:17,245 log 7976 23476 "GET /static/drf-yasg/insQ.min.js HTTP/1.1" 304 0
INFO 2026-04-22 00:28:17,250 log 7976 23488 "GET /static/drf-yasg/swagger-ui-init.js HTTP/1.1" 304 0
INFO 2026-04-22 00:28:17,878 middleware 7976 23448 ← [91m404[0m GET /swagger/logo.png - 14.88ms
WARNING 2026-04-22 00:28:17,878 log 7976 23448 Not Found: /swagger/logo.png
WARNING 2026-04-22 00:28:17,879 log 7976 23448 "GET /swagger/logo.png HTTP/1.1" 404 4208
INFO 2026-04-22 00:28:18,227 log 7976 23452 "GET /static/drf-yasg/swagger-ui-dist/favicon-32x32.png HTTP/1.1" 304 0
INFO 2026-04-22 00:28:19,875 middleware 7976 23448 ← [92m200[0m GET /swagger/ - 1710.62ms
INFO 2026-04-22 00:28:19,877 log 7976 23448 "GET /swagger/?format=openapi HTTP/1.1" 200 214253
INFO 2026-04-22 00:30:00,760 middleware 7976 23448 ← [91m400[0m POST /api/auth/login/ - 1352.83ms
WARNING 2026-04-22 00:30:00,761 log 7976 23448 Bad Request: /api/auth/login/
WARNING 2026-04-22 00:30:00,762 log 7976 23448 "POST /api/auth/login/ HTTP/1.1" 400 57
INFO 2026-04-22 00:30:25,347 middleware 7976 23448 ← [92m200[0m POST /api/auth/login/ - 1369.28ms
INFO 2026-04-22 00:30:25,348 log 7976 23448 "POST /api/auth/login/ HTTP/1.1" 200 835
INFO 2026-04-22 00:31:17,217 middleware 7976 23448 ← [91m401[0m GET /api/employees/ - 6.47ms
WARNING 2026-04-22 00:31:17,218 log 7976 23448 Unauthorized: /api/employees/
WARNING 2026-04-22 00:31:17,220 log 7976 23448 "GET /api/employees/ HTTP/1.1" 401 58
INFO 2026-04-22 00:34:12,799 middleware 7976 23448 ← [92m200[0m GET /api/employees/ - 30.20ms
INFO 2026-04-22 00:34:12,802 log 7976 23448 "GET /api/employees/ HTTP/1.1" 200 719
INFO 2026-04-22 00:37:20,463 autoreload 7976 100 C:\Users\hounk\Desktop\AMZ\Gestion Tickets\ticket_backend\config\settings\base.py changed, reloading.
INFO 2026-04-22 00:37:23,503 autoreload 21292 19912 Watching for file changes with StatReloader
INFO 2026-04-22 00:38:12,474 autoreload 21292 19912 C:\Users\hounk\Desktop\AMZ\Gestion Tickets\ticket_backend\config\urls.py changed, reloading.
INFO 2026-04-22 00:38:14,635 autoreload 8644 22552 Watching for file changes with StatReloader
INFO 2026-04-22 00:38:25,033 middleware 8644 7296 ← [92m200[0m GET /swagger/ - 64.77ms
INFO 2026-04-22 00:38:25,038 log 8644 7296 "GET /swagger/ HTTP/1.1" 200 1681
INFO 2026-04-22 00:38:26,634 middleware 8644 7296 ← [91m404[0m GET /swagger/logo.png - 19.20ms
WARNING 2026-04-22 00:38:26,636 log 8644 7296 Not Found: /swagger/logo.png
WARNING 2026-04-22 00:38:26,638 log 8644 7296 "GET /swagger/logo.png HTTP/1.1" 404 4208
INFO 2026-04-22 00:38:28,670 middleware 8644 7296 ← [92m200[0m GET /swagger/ - 1758.69ms
INFO 2026-04-22 00:38:28,672 log 8644 7296 "GET /swagger/?format=openapi HTTP/1.1" 200 214355
INFO 2026-04-22 00:39:20,867 middleware 8644 7296 ← [92m200[0m POST /api/auth/login/ - 1523.49ms
INFO 2026-04-22 00:39:20,868 log 8644 7296 "POST /api/auth/login/ HTTP/1.1" 200 835
INFO 2026-04-22 00:39:46,847 middleware 8644 7296 ← [91m401[0m GET /api/employees/ - 6.01ms
WARNING 2026-04-22 00:39:46,848 log 8644 7296 Unauthorized: /api/employees/
WARNING 2026-04-22 00:39:46,849 log 8644 7296 "GET /api/employees/ HTTP/1.1" 401 58
INFO 2026-04-22 00:40:32,870 middleware 8644 7296 ← [92m200[0m GET /api/employees/ - 31.49ms
INFO 2026-04-22 00:40:32,873 log 8644 7296 "GET /api/employees/ HTTP/1.1" 200 719
INFO 2026-04-22 00:42:58,758 middleware 8644 7296 ← [91m404[0m GET /api_test.html - 60.05ms
WARNING 2026-04-22 00:42:58,761 log 8644 7296 Not Found: /api_test.html
WARNING 2026-04-22 00:42:58,762 log 8644 7296 "GET /api_test.html HTTP/1.1" 404 4199
INFO 2026-04-22 00:43:02,314 middleware 8644 7296 ← [91m404[0m GET /logo.png - 34.86ms
WARNING 2026-04-22 00:43:02,317 log 8644 7296 Not Found: /logo.png
WARNING 2026-04-22 00:43:02,319 log 8644 7296 "GET /logo.png HTTP/1.1" 404 4184
ERROR 2026-04-22 00:44:45,157 log 8644 7296 Internal Server Error: /api/purchases/
Traceback (most recent call last):
  File "C:\Users\hounk\Desktop\AMZ\Gestion Tickets\ticket_backend\venv\Lib\site-packages\django\core\handlers\exception.py", line 55, in inner
    response = get_response(request)
  File "C:\Users\hounk\Desktop\AMZ\Gestion Tickets\ticket_backend\venv\Lib\site-packages\django\core\handlers\base.py", line 198, in _get_response
    response = wrapped_callback(request, *callback_args, **callback_kwargs)
  File "C:\Users\hounk\Desktop\AMZ\Gestion Tickets\ticket_backend\venv\Lib\site-packages\django\views\decorators\csrf.py", line 65, in _view_wrapper
    return view_func(request, *args, **kwargs)
  File "C:\Users\hounk\Desktop\AMZ\Gestion Tickets\ticket_backend\venv\Lib\site-packages\rest_framework\viewsets.py", line 125, in view
    return self.dispatch(request, *args, **kwargs)
           ~~~~~~~~~~~~~^^^^^^^^^^^^^^^^^^^^^^^^^^
  File "C:\Users\hounk\Desktop\AMZ\Gestion Tickets\ticket_backend\venv\Lib\site-packages\rest_framework\views.py", line 515, in dispatch
    response = self.handle_exception(exc)
  File "C:\Users\hounk\Desktop\AMZ\Gestion Tickets\ticket_backend\venv\Lib\site-packages\rest_framework\views.py", line 475, in handle_exception
    self.raise_uncaught_exception(exc)
    ~~~~~~~~~~~~~~~~~~~~~~~~~~~~~^^^^^
  File "C:\Users\hounk\Desktop\AMZ\Gestion Tickets\ticket_backend\venv\Lib\site-packages\rest_framework\views.py", line 486, in raise_uncaught_exception
    raise exc
  File "C:\Users\hounk\Desktop\AMZ\Gestion Tickets\ticket_backend\venv\Lib\site-packages\rest_framework\views.py", line 512, in dispatch
    response = handler(request, *args, **kwargs)
  File "C:\Users\hounk\Desktop\AMZ\Gestion Tickets\ticket_backend\apps\purchases\views.py", line 49, in create
    serializer.is_valid(raise_exception=True)
    ~~~~~~~~~~~~~~~~~~~^^^^^^^^^^^^^^^^^^^^^^
  File "C:\Users\hounk\Desktop\AMZ\Gestion Tickets\ticket_backend\venv\Lib\site-packages\rest_framework\serializers.py", line 225, in is_valid
    self._validated_data = self.run_validation(self.initial_data)
                           ~~~~~~~~~~~~~~~~~~~^^^^^^^^^^^^^^^^^^^
  File "C:\Users\hounk\Desktop\AMZ\Gestion Tickets\ticket_backend\venv\Lib\site-packages\rest_framework\serializers.py", line 456, in run_validation
    value = self.to_internal_value(data)
  File "C:\Users\hounk\Desktop\AMZ\Gestion Tickets\ticket_backend\venv\Lib\site-packages\rest_framework\serializers.py", line 515, in to_internal_value
    validated_value = validate_method(validated_value)
  File "C:\Users\hounk\Desktop\AMZ\Gestion Tickets\ticket_backend\apps\purchases\serializers.py", line 52, in validate_quantity
    if not employee.can_request_tickets(value):
           ~~~~~~~~~~~~~~~~~~~~~~~~~~~~^^^^^^^
TypeError: 'bool' object is not callable
INFO 2026-04-22 00:44:45,163 middleware 8644 7296 ← [91m500[0m POST /api/purchases/ - 285.23ms
ERROR 2026-04-22 00:44:45,164 log 8644 7296 "POST /api/purchases/ HTTP/1.1" 500 24210
INFO 2026-04-22 00:45:19,031 autoreload 21520 23100 Watching for file changes with StatReloader
ERROR 2026-04-22 00:45:27,647 log 21520 20936 Internal Server Error: /api/purchases/
Traceback (most recent call last):
  File "C:\Users\hounk\Desktop\AMZ\Gestion Tickets\ticket_backend\venv\Lib\site-packages\django\core\handlers\exception.py", line 55, in inner
    response = get_response(request)
  File "C:\Users\hounk\Desktop\AMZ\Gestion Tickets\ticket_backend\venv\Lib\site-packages\django\core\handlers\base.py", line 198, in _get_response
    response = wrapped_callback(request, *callback_args, **callback_kwargs)
  File "C:\Users\hounk\Desktop\AMZ\Gestion Tickets\ticket_backend\venv\Lib\site-packages\django\views\decorators\csrf.py", line 65, in _view_wrapper
    return view_func(request, *args, **kwargs)
  File "C:\Users\hounk\Desktop\AMZ\Gestion Tickets\ticket_backend\venv\Lib\site-packages\rest_framework\viewsets.py", line 125, in view
    return self.dispatch(request, *args, **kwargs)
           ~~~~~~~~~~~~~^^^^^^^^^^^^^^^^^^^^^^^^^^
  File "C:\Users\hounk\Desktop\AMZ\Gestion Tickets\ticket_backend\venv\Lib\site-packages\rest_framework\views.py", line 515, in dispatch
    response = self.handle_exception(exc)
  File "C:\Users\hounk\Desktop\AMZ\Gestion Tickets\ticket_backend\venv\Lib\site-packages\rest_framework\views.py", line 475, in handle_exception
    self.raise_uncaught_exception(exc)
    ~~~~~~~~~~~~~~~~~~~~~~~~~~~~~^^^^^
  File "C:\Users\hounk\Desktop\AMZ\Gestion Tickets\ticket_backend\venv\Lib\site-packages\rest_framework\views.py", line 486, in raise_uncaught_exception
    raise exc
  File "C:\Users\hounk\Desktop\AMZ\Gestion Tickets\ticket_backend\venv\Lib\site-packages\rest_framework\views.py", line 512, in dispatch
    response = handler(request, *args, **kwargs)
  File "C:\Users\hounk\Desktop\AMZ\Gestion Tickets\ticket_backend\apps\purchases\views.py", line 49, in create
    serializer.is_valid(raise_exception=True)
    ~~~~~~~~~~~~~~~~~~~^^^^^^^^^^^^^^^^^^^^^^
  File "C:\Users\hounk\Desktop\AMZ\Gestion Tickets\ticket_backend\venv\Lib\site-packages\rest_framework\serializers.py", line 225, in is_valid
    self._validated_data = self.run_validation(self.initial_data)
                           ~~~~~~~~~~~~~~~~~~~^^^^^^^^^^^^^^^^^^^
  File "C:\Users\hounk\Desktop\AMZ\Gestion Tickets\ticket_backend\venv\Lib\site-packages\rest_framework\serializers.py", line 456, in run_validation
    value = self.to_internal_value(data)
  File "C:\Users\hounk\Desktop\AMZ\Gestion Tickets\ticket_backend\venv\Lib\site-packages\rest_framework\serializers.py", line 515, in to_internal_value
    validated_value = validate_method(validated_value)
  File "C:\Users\hounk\Desktop\AMZ\Gestion Tickets\ticket_backend\apps\purchases\serializers.py", line 52, in validate_quantity
    if not employee.can_request_tickets(value):
           ~~~~~~~~~~~~~~~~~~~~~~~~~~~~^^^^^^^
TypeError: 'bool' object is not callable
INFO 2026-04-22 00:45:27,655 middleware 21520 20936 ← [91m500[0m POST /api/purchases/ - 117.91ms
ERROR 2026-04-22 00:45:27,656 log 21520 20936 "POST /api/purchases/ HTTP/1.1" 500 24210
INFO 2026-04-22 00:47:57,863 autoreload 21520 23100 C:\Users\hounk\Desktop\AMZ\Gestion Tickets\ticket_backend\apps\purchases\serializers.py changed, reloading.
INFO 2026-04-22 00:47:59,994 autoreload 18104 20272 Watching for file changes with StatReloader
ERROR 2026-04-22 00:48:33,844 log 18104 6496 Internal Server Error: /api/purchases/
Traceback (most recent call last):
  File "C:\Users\hounk\Desktop\AMZ\Gestion Tickets\ticket_backend\venv\Lib\site-packages\django\core\handlers\exception.py", line 55, in inner
    response = get_response(request)
  File "C:\Users\hounk\Desktop\AMZ\Gestion Tickets\ticket_backend\venv\Lib\site-packages\django\core\handlers\base.py", line 198, in _get_response
    response = wrapped_callback(request, *callback_args, **callback_kwargs)
  File "C:\Users\hounk\Desktop\AMZ\Gestion Tickets\ticket_backend\venv\Lib\site-packages\django\views\decorators\csrf.py", line 65, in _view_wrapper
    return view_func(request, *args, **kwargs)
  File "C:\Users\hounk\Desktop\AMZ\Gestion Tickets\ticket_backend\venv\Lib\site-packages\rest_framework\viewsets.py", line 125, in view
    return self.dispatch(request, *args, **kwargs)
           ~~~~~~~~~~~~~^^^^^^^^^^^^^^^^^^^^^^^^^^
  File "C:\Users\hounk\Desktop\AMZ\Gestion Tickets\ticket_backend\venv\Lib\site-packages\rest_framework\views.py", line 515, in dispatch
    response = self.handle_exception(exc)
  File "C:\Users\hounk\Desktop\AMZ\Gestion Tickets\ticket_backend\venv\Lib\site-packages\rest_framework\views.py", line 475, in handle_exception
    self.raise_uncaught_exception(exc)
    ~~~~~~~~~~~~~~~~~~~~~~~~~~~~~^^^^^
  File "C:\Users\hounk\Desktop\AMZ\Gestion Tickets\ticket_backend\venv\Lib\site-packages\rest_framework\views.py", line 486, in raise_uncaught_exception
    raise exc
  File "C:\Users\hounk\Desktop\AMZ\Gestion Tickets\ticket_backend\venv\Lib\site-packages\rest_framework\views.py", line 512, in dispatch
    response = handler(request, *args, **kwargs)
  File "C:\Users\hounk\Desktop\AMZ\Gestion Tickets\ticket_backend\apps\purchases\views.py", line 49, in create
    serializer.is_valid(raise_exception=True)
    ~~~~~~~~~~~~~~~~~~~^^^^^^^^^^^^^^^^^^^^^^
  File "C:\Users\hounk\Desktop\AMZ\Gestion Tickets\ticket_backend\venv\Lib\site-packages\rest_framework\serializers.py", line 225, in is_valid
    self._validated_data = self.run_validation(self.initial_data)
                           ~~~~~~~~~~~~~~~~~~~^^^^^^^^^^^^^^^^^^^
  File "C:\Users\hounk\Desktop\AMZ\Gestion Tickets\ticket_backend\venv\Lib\site-packages\rest_framework\serializers.py", line 456, in run_validation
    value = self.to_internal_value(data)
  File "C:\Users\hounk\Desktop\AMZ\Gestion Tickets\ticket_backend\venv\Lib\site-packages\rest_framework\serializers.py", line 515, in to_internal_value
    validated_value = validate_method(validated_value)
  File "C:\Users\hounk\Desktop\AMZ\Gestion Tickets\ticket_backend\apps\purchases\serializers.py", line 76, in validate_quantity
    if not employee.can_request_tickets(value):
           ~~~~~~~~~~~~~~~~~~~~~~~~~~~~^^^^^^^
TypeError: 'bool' object is not callable
INFO 2026-04-22 00:48:33,851 middleware 18104 6496 ← [91m500[0m POST /api/purchases/ - 117.24ms
ERROR 2026-04-22 00:48:33,852 log 18104 6496 "POST /api/purchases/ HTTP/1.1" 500 24210
INFO 2026-04-22 00:48:43,031 middleware 18104 6496 ← [92m200[0m GET /swagger/ - 83.08ms
INFO 2026-04-22 00:48:43,033 log 18104 6496 "GET /swagger/ HTTP/1.1" 200 1681
INFO 2026-04-22 00:48:43,150 log 18104 6496 "GET /static/drf-yasg/swagger-ui-dist/swagger-ui-bundle.js HTTP/1.1" 304 0
INFO 2026-04-22 00:48:43,152 log 18104 20832 "GET /static/drf-yasg/swagger-ui-dist/swagger-ui-standalone-preset.js HTTP/1.1" 304 0
INFO 2026-04-22 00:48:43,156 log 18104 6496 "GET /static/drf-yasg/swagger-ui-dist/swagger-ui.css HTTP/1.1" 304 0
INFO 2026-04-22 00:48:43,160 log 18104 20832 "GET /static/drf-yasg/style.css HTTP/1.1" 304 0
INFO 2026-04-22 00:48:43,163 log 18104 6496 "GET /static/drf-yasg/insQ.min.js HTTP/1.1" 304 0
INFO 2026-04-22 00:48:43,165 log 18104 20832 "GET /static/drf-yasg/immutable.min.js HTTP/1.1" 304 0
INFO 2026-04-22 00:48:43,174 log 18104 6496 "GET /static/drf-yasg/swagger-ui-init.js HTTP/1.1" 304 0
INFO 2026-04-22 00:48:43,467 log 18104 13476 "GET /static/drf-yasg/swagger-ui-dist/swagger-ui-bundle.js HTTP/1.1" 304 0
INFO 2026-04-22 00:48:43,473 log 18104 13476 "GET /static/drf-yasg/insQ.min.js HTTP/1.1" 304 0
INFO 2026-04-22 00:48:43,473 log 18104 10948 "GET /static/drf-yasg/swagger-ui-dist/swagger-ui-standalone-preset.js HTTP/1.1" 304 0
INFO 2026-04-22 00:48:43,484 log 18104 10948 "GET /static/drf-yasg/swagger-ui-init.js HTTP/1.1" 304 0
INFO 2026-04-22 00:48:43,485 log 18104 13476 "GET /static/drf-yasg/immutable.min.js HTTP/1.1" 304 0
INFO 2026-04-22 00:48:44,744 middleware 18104 6496 ← [91m404[0m GET /swagger/logo.png - 16.39ms
WARNING 2026-04-22 00:48:44,746 log 18104 6496 Not Found: /swagger/logo.png
WARNING 2026-04-22 00:48:44,747 log 18104 6496 "GET /swagger/logo.png HTTP/1.1" 404 4208
INFO 2026-04-22 00:48:45,317 log 18104 20832 "GET /static/drf-yasg/swagger-ui-dist/favicon-32x32.png HTTP/1.1" 304 0
INFO 2026-04-22 00:48:46,833 middleware 18104 6496 ← [92m200[0m GET /swagger/ - 1702.13ms
INFO 2026-04-22 00:48:46,835 log 18104 6496 "GET /swagger/?format=openapi HTTP/1.1" 200 214355
INFO 2026-04-22 00:49:35,777 middleware 18104 6496 ← [92m200[0m POST /api/auth/login/ - 1415.96ms
INFO 2026-04-22 00:49:35,779 log 18104 6496 "POST /api/auth/login/ HTTP/1.1" 200 835
INFO 2026-04-22 00:50:02,546 middleware 18104 6496 ← [92m200[0m GET /api/employees/ - 50.03ms
INFO 2026-04-22 00:50:02,547 log 18104 6496 "GET /api/employees/ HTTP/1.1" 200 719
ERROR 2026-04-22 00:50:49,946 log 18104 6496 Internal Server Error: /api/purchases/
Traceback (most recent call last):
  File "C:\Users\hounk\Desktop\AMZ\Gestion Tickets\ticket_backend\venv\Lib\site-packages\django\core\handlers\exception.py", line 55, in inner
    response = get_response(request)
  File "C:\Users\hounk\Desktop\AMZ\Gestion Tickets\ticket_backend\venv\Lib\site-packages\django\core\handlers\base.py", line 198, in _get_response
    response = wrapped_callback(request, *callback_args, **callback_kwargs)
  File "C:\Users\hounk\Desktop\AMZ\Gestion Tickets\ticket_backend\venv\Lib\site-packages\django\views\decorators\csrf.py", line 65, in _view_wrapper
    return view_func(request, *args, **kwargs)
  File "C:\Users\hounk\Desktop\AMZ\Gestion Tickets\ticket_backend\venv\Lib\site-packages\rest_framework\viewsets.py", line 125, in view
    return self.dispatch(request, *args, **kwargs)
           ~~~~~~~~~~~~~^^^^^^^^^^^^^^^^^^^^^^^^^^
  File "C:\Users\hounk\Desktop\AMZ\Gestion Tickets\ticket_backend\venv\Lib\site-packages\rest_framework\views.py", line 515, in dispatch
    response = self.handle_exception(exc)
  File "C:\Users\hounk\Desktop\AMZ\Gestion Tickets\ticket_backend\venv\Lib\site-packages\rest_framework\views.py", line 475, in handle_exception
    self.raise_uncaught_exception(exc)
    ~~~~~~~~~~~~~~~~~~~~~~~~~~~~~^^^^^
  File "C:\Users\hounk\Desktop\AMZ\Gestion Tickets\ticket_backend\venv\Lib\site-packages\rest_framework\views.py", line 486, in raise_uncaught_exception
    raise exc
  File "C:\Users\hounk\Desktop\AMZ\Gestion Tickets\ticket_backend\venv\Lib\site-packages\rest_framework\views.py", line 512, in dispatch
    response = handler(request, *args, **kwargs)
  File "C:\Users\hounk\Desktop\AMZ\Gestion Tickets\ticket_backend\apps\purchases\views.py", line 49, in create
    serializer.is_valid(raise_exception=True)
    ~~~~~~~~~~~~~~~~~~~^^^^^^^^^^^^^^^^^^^^^^
  File "C:\Users\hounk\Desktop\AMZ\Gestion Tickets\ticket_backend\venv\Lib\site-packages\rest_framework\serializers.py", line 225, in is_valid
    self._validated_data = self.run_validation(self.initial_data)
                           ~~~~~~~~~~~~~~~~~~~^^^^^^^^^^^^^^^^^^^
  File "C:\Users\hounk\Desktop\AMZ\Gestion Tickets\ticket_backend\venv\Lib\site-packages\rest_framework\serializers.py", line 456, in run_validation
    value = self.to_internal_value(data)
  File "C:\Users\hounk\Desktop\AMZ\Gestion Tickets\ticket_backend\venv\Lib\site-packages\rest_framework\serializers.py", line 515, in to_internal_value
    validated_value = validate_method(validated_value)
  File "C:\Users\hounk\Desktop\AMZ\Gestion Tickets\ticket_backend\apps\purchases\serializers.py", line 76, in validate_quantity
    if not employee.can_request_tickets(value):
           ~~~~~~~~~~~~~~~~~~~~~~~~~~~~^^^^^^^
TypeError: 'bool' object is not callable
INFO 2026-04-22 00:50:49,950 middleware 18104 6496 ← [91m500[0m POST /api/purchases/ - 68.03ms
ERROR 2026-04-22 00:50:49,952 log 18104 6496 "POST /api/purchases/ HTTP/1.1" 500 24210
INFO 2026-04-22 00:54:00,070 autoreload 18104 20272 C:\Users\hounk\Desktop\AMZ\Gestion Tickets\ticket_backend\apps\purchases\models.py changed, reloading.
INFO 2026-04-22 00:54:04,596 autoreload 21064 19492 Watching for file changes with StatReloader
INFO 2026-04-22 00:54:33,229 autoreload 21064 19492 C:\Users\hounk\Desktop\AMZ\Gestion Tickets\ticket_backend\apps\purchases\models.py changed, reloading.
INFO 2026-04-22 00:54:39,456 autoreload 21888 7396 Watching for file changes with StatReloader
INFO 2026-04-22 00:54:45,481 autoreload 21888 7396 C:\Users\hounk\Desktop\AMZ\Gestion Tickets\ticket_backend\apps\purchases\models.py changed, reloading.
INFO 2026-04-22 00:54:50,471 autoreload 21004 22024 Watching for file changes with StatReloader
INFO 2026-04-22 00:55:02,594 autoreload 21004 22024 C:\Users\hounk\Desktop\AMZ\Gestion Tickets\ticket_backend\apps\purchases\models.py changed, reloading.
INFO 2026-04-22 00:55:09,670 autoreload 16896 20096 Watching for file changes with StatReloader
INFO 2026-04-22 00:56:22,783 autoreload 16896 20096 C:\Users\hounk\Desktop\AMZ\Gestion Tickets\ticket_backend\apps\purchases\models.py changed, reloading.
INFO 2026-04-22 00:56:28,805 autoreload 20932 9736 Watching for file changes with StatReloader
INFO 2026-04-22 00:56:46,322 autoreload 20932 9736 C:\Users\hounk\Desktop\AMZ\Gestion Tickets\ticket_backend\apps\purchases\models.py changed, reloading.
INFO 2026-04-22 00:56:54,068 autoreload 13476 5452 Watching for file changes with StatReloader
INFO 2026-04-22 00:57:39,515 autoreload 13476 5452 C:\Users\hounk\Desktop\AMZ\Gestion Tickets\ticket_backend\apps\purchases\models.py changed, reloading.
INFO 2026-04-22 00:57:43,249 autoreload 9920 21532 Watching for file changes with StatReloader
INFO 2026-04-22 00:58:51,193 autoreload 9920 21532 C:\Users\hounk\Desktop\AMZ\Gestion Tickets\ticket_backend\apps\purchases\models.py changed, reloading.
INFO 2026-04-22 00:58:55,558 autoreload 2208 22364 Watching for file changes with StatReloader
INFO 2026-04-22 00:59:45,004 autoreload 10352 20344 Watching for file changes with StatReloader
INFO 2026-04-22 01:00:11,658 middleware 10352 23412 ← [92m201[0m POST /api/purchases/ - 252.39ms
INFO 2026-04-22 01:00:11,668 log 10352 23412 "POST /api/purchases/ HTTP/1.1" 201 1203
INFO 2026-04-22 01:00:56,817 middleware 10352 23412 ← [91m403[0m GET /api/validations/pending/ - 26.79ms
WARNING 2026-04-22 01:00:56,856 log 10352 23412 Forbidden: /api/validations/pending/
WARNING 2026-04-22 01:00:56,916 log 10352 23412 "GET /api/validations/pending/ HTTP/1.1" 403 68
INFO 2026-04-22 01:07:04,850 middleware 10352 13552 ← [92m200[0m POST /api/auth/login/ - 1797.24ms
INFO 2026-04-22 01:07:04,853 log 10352 13552 "POST /api/auth/login/ HTTP/1.1" 200 873
INFO 2026-04-22 01:07:57,601 middleware 10352 13552 ← [92m200[0m GET /api/validations/pending/ - 67.40ms
INFO 2026-04-22 01:07:57,606 log 10352 13552 "GET /api/validations/pending/ HTTP/1.1" 200 247
INFO 2026-04-22 01:09:35,610 middleware 10352 13552 ← [92m200[0m POST /api/validations/1/approve/ - 151.89ms
INFO 2026-04-22 01:09:35,613 log 10352 13552 "POST /api/validations/1/approve/ HTTP/1.1" 200 77
INFO 2026-04-22 01:10:54,245 middleware 10352 13552 ← [92m200[0m POST /api/auth/login/ - 1964.57ms
INFO 2026-04-22 01:10:54,247 log 10352 13552 "POST /api/auth/login/ HTTP/1.1" 200 835
INFO 2026-04-22 01:11:58,552 middleware 10352 13552 ← [92m200[0m GET /api/tickets/balance/1/ - 300.23ms
INFO 2026-04-22 01:11:58,554 log 10352 13552 "GET /api/tickets/balance/1/ HTTP/1.1" 200 188
INFO 2026-04-22 01:18:04,782 autoreload 10352 20344 C:\Users\hounk\Desktop\AMZ\Gestion Tickets\ticket_backend\apps\purchases\models.py changed, reloading.
INFO 2026-04-22 01:18:11,631 autoreload 3316 23168 Watching for file changes with StatReloader
INFO 2026-04-22 01:18:30,817 autoreload 3316 23168 C:\Users\hounk\Desktop\AMZ\Gestion Tickets\ticket_backend\apps\purchases\models.py changed, reloading.
INFO 2026-04-22 01:18:37,336 autoreload 20756 20520 Watching for file changes with StatReloader
INFO 2026-04-22 01:18:56,973 autoreload 20756 20520 C:\Users\hounk\Desktop\AMZ\Gestion Tickets\ticket_backend\apps\purchases\models.py changed, reloading.
INFO 2026-04-22 01:19:01,990 autoreload 14016 11816 Watching for file changes with StatReloader
INFO 2026-04-22 01:19:51,842 middleware 14016 20268 ← [92m200[0m GET /api/tickets/balance/1/ - 290.92ms
INFO 2026-04-22 01:19:51,851 log 14016 20268 "GET /api/tickets/balance/1/ HTTP/1.1" 200 188
INFO 2026-04-22 01:20:49,592 autoreload 14016 11816 C:\Users\hounk\Desktop\AMZ\Gestion Tickets\ticket_backend\apps\consumption\models.py changed, reloading.
INFO 2026-04-22 01:20:54,465 autoreload 13220 22488 Watching for file changes with StatReloader
INFO 2026-04-22 01:30:07,882 autoreload 6356 21156 Watching for file changes with StatReloader
INFO 2026-04-22 01:30:13,288 middleware 6356 752 ← [92m200[0m GET /swagger/ - 107.25ms
INFO 2026-04-22 01:30:13,293 log 6356 752 "GET /swagger/ HTTP/1.1" 200 1681
INFO 2026-04-22 01:30:13,456 log 6356 752 "GET /static/drf-yasg/style.css HTTP/1.1" 304 0
INFO 2026-04-22 01:30:13,466 log 6356 8032 "GET /static/drf-yasg/swagger-ui-dist/swagger-ui.css HTTP/1.1" 304 0
INFO 2026-04-22 01:30:13,474 log 6356 11812 "GET /static/drf-yasg/swagger-ui-dist/swagger-ui-bundle.js HTTP/1.1" 304 0
INFO 2026-04-22 01:30:13,483 log 6356 8032 "GET /static/drf-yasg/insQ.min.js HTTP/1.1" 304 0
INFO 2026-04-22 01:30:13,486 log 6356 752 "GET /static/drf-yasg/swagger-ui-dist/swagger-ui-standalone-preset.js HTTP/1.1" 304 0
INFO 2026-04-22 01:30:13,491 log 6356 11812 "GET /static/drf-yasg/immutable.min.js HTTP/1.1" 304 0
INFO 2026-04-22 01:30:13,515 log 6356 8032 "GET /static/drf-yasg/swagger-ui-init.js HTTP/1.1" 304 0
INFO 2026-04-22 01:30:13,828 log 6356 20636 "GET /static/drf-yasg/swagger-ui-dist/swagger-ui-bundle.js HTTP/1.1" 304 0
INFO 2026-04-22 01:30:13,844 log 6356 20636 "GET /static/drf-yasg/insQ.min.js HTTP/1.1" 304 0
INFO 2026-04-22 01:30:13,849 log 6356 4448 "GET /static/drf-yasg/swagger-ui-dist/swagger-ui-standalone-preset.js HTTP/1.1" 304 0
INFO 2026-04-22 01:30:13,859 log 6356 21312 "GET /static/drf-yasg/swagger-ui-init.js HTTP/1.1" 304 0
INFO 2026-04-22 01:30:13,866 log 6356 21816 "GET /static/drf-yasg/immutable.min.js HTTP/1.1" 304 0
INFO 2026-04-22 01:30:16,446 middleware 6356 8032 ← [91m404[0m GET /swagger/logo.png - 34.00ms
WARNING 2026-04-22 01:30:16,449 log 6356 8032 Not Found: /swagger/logo.png
WARNING 2026-04-22 01:30:16,452 log 6356 8032 "GET /swagger/logo.png HTTP/1.1" 404 4368
INFO 2026-04-22 01:30:17,326 log 6356 11812 "GET /static/drf-yasg/swagger-ui-dist/favicon-32x32.png HTTP/1.1" 304 0
INFO 2026-04-22 01:30:19,998 middleware 6356 8032 ← [92m200[0m GET /swagger/ - 3040.50ms
INFO 2026-04-22 01:30:20,002 log 6356 8032 "GET /swagger/?format=openapi HTTP/1.1" 200 219885
INFO 2026-04-22 01:32:06,244 middleware 6356 8032 ← [92m200[0m POST /api/auth/login/ - 2591.69ms
INFO 2026-04-22 01:32:06,246 log 6356 8032 "POST /api/auth/login/ HTTP/1.1" 200 835
INFO 2026-04-22 01:32:57,524 middleware 6356 8032 ← [91m401[0m POST /api/consumptions/ - 9.70ms
WARNING 2026-04-22 01:32:57,525 log 6356 8032 Unauthorized: /api/consumptions/
WARNING 2026-04-22 01:32:57,527 log 6356 8032 "POST /api/consumptions/ HTTP/1.1" 401 58
INFO 2026-04-22 01:33:28,340 middleware 6356 8032 ← [91m401[0m POST /api/consumptions/ - 10.78ms
WARNING 2026-04-22 01:33:28,341 log 6356 8032 Unauthorized: /api/consumptions/
WARNING 2026-04-22 01:33:28,343 log 6356 8032 "POST /api/consumptions/ HTTP/1.1" 401 58
INFO 2026-04-22 01:33:55,413 middleware 6356 8032 ← [92m200[0m GET /swagger/ - 17.66ms
INFO 2026-04-22 01:33:55,416 log 6356 8032 "GET /swagger/ HTTP/1.1" 200 1681
INFO 2026-04-22 01:33:57,098 middleware 6356 8032 ← [91m404[0m GET /swagger/logo.png - 25.35ms
WARNING 2026-04-22 01:33:57,100 log 6356 8032 Not Found: /swagger/logo.png
WARNING 2026-04-22 01:33:57,103 log 6356 8032 "GET /swagger/logo.png HTTP/1.1" 404 4368
INFO 2026-04-22 01:34:00,805 middleware 6356 8032 ← [92m200[0m GET /swagger/ - 3325.69ms
INFO 2026-04-22 01:34:00,815 log 6356 8032 "GET /swagger/?format=openapi HTTP/1.1" 200 219885
INFO 2026-04-22 01:34:50,625 middleware 6356 8032 ← [92m200[0m GET /swagger/ - 19.22ms
INFO 2026-04-22 01:34:50,629 log 6356 8032 "GET /swagger/ HTTP/1.1" 200 1681
INFO 2026-04-22 01:34:51,692 middleware 6356 8032 ← [91m404[0m GET /swagger/logo.png - 213.05ms
WARNING 2026-04-22 01:34:51,695 log 6356 8032 Not Found: /swagger/logo.png
WARNING 2026-04-22 01:34:51,698 log 6356 8032 "GET /swagger/logo.png HTTP/1.1" 404 4368
INFO 2026-04-22 01:34:54,822 middleware 6356 8032 ← [92m200[0m GET /swagger/ - 2898.80ms
INFO 2026-04-22 01:34:54,827 log 6356 8032 "GET /swagger/?format=openapi HTTP/1.1" 200 219885
INFO 2026-04-22 01:35:35,971 middleware 6356 8032 ← [92m200[0m POST /api/auth/login/ - 1945.64ms
INFO 2026-04-22 01:35:35,973 log 6356 8032 "POST /api/auth/login/ HTTP/1.1" 200 835
INFO 2026-04-22 01:37:13,528 middleware 6356 8032 ← [91m400[0m POST /api/consumptions/ - 31.91ms
WARNING 2026-04-22 01:37:13,532 log 6356 8032 Bad Request: /api/consumptions/
WARNING 2026-04-22 01:37:13,534 log 6356 8032 "POST /api/consumptions/ HTTP/1.1" 400 75
INFO 2026-04-22 01:39:08,175 middleware 6356 8032 ← [91m403[0m POST /api/providers/ - 14.96ms
WARNING 2026-04-22 01:39:08,176 log 6356 8032 Forbidden: /api/providers/
WARNING 2026-04-22 01:39:08,178 log 6356 8032 "POST /api/providers/ HTTP/1.1" 403 68
INFO 2026-04-22 01:48:46,783 autoreload 6356 21156 C:\Users\hounk\Desktop\AMZ\Gestion Tickets\ticket_backend\config\urls.py changed, reloading.
INFO 2026-04-22 01:48:52,069 autoreload 15952 13784 Watching for file changes with StatReloader
INFO 2026-04-22 01:49:43,006 autoreload 15952 13784 C:\Users\hounk\Desktop\AMZ\Gestion Tickets\ticket_backend\config\settings\base.py changed, reloading.
INFO 2026-04-22 01:49:47,065 autoreload 22536 23316 Watching for file changes with StatReloader
INFO 2026-04-22 01:52:36,590 autoreload 10348 16204 Watching for file changes with StatReloader
INFO 2026-04-22 01:53:15,174 middleware 10348 10020 ← [92m200[0m GET /swagger/ - 100.24ms
INFO 2026-04-22 01:53:15,185 log 10348 10020 "GET /swagger/ HTTP/1.1" 200 1681
INFO 2026-04-22 01:53:15,366 log 10348 5004 "GET /static/drf-yasg/swagger-ui-dist/swagger-ui.css HTTP/1.1" 304 0
INFO 2026-04-22 01:53:15,374 log 10348 10020 "GET /static/drf-yasg/style.css HTTP/1.1" 304 0
INFO 2026-04-22 01:53:15,387 log 10348 6508 "GET /static/drf-yasg/swagger-ui-dist/swagger-ui-bundle.js HTTP/1.1" 304 0
INFO 2026-04-22 01:53:15,403 log 10348 5004 "GET /static/drf-yasg/swagger-ui-dist/swagger-ui-standalone-preset.js HTTP/1.1" 304 0
INFO 2026-04-22 01:53:15,407 log 10348 10020 "GET /static/drf-yasg/swagger-ui-init.js HTTP/1.1" 304 0
INFO 2026-04-22 01:53:15,409 log 10348 6508 "GET /static/drf-yasg/insQ.min.js HTTP/1.1" 304 0
INFO 2026-04-22 01:53:15,440 log 10348 5004 "GET /static/drf-yasg/immutable.min.js HTTP/1.1" 304 0
INFO 2026-04-22 01:53:15,769 log 10348 13136 "GET /static/drf-yasg/swagger-ui-dist/swagger-ui-bundle.js HTTP/1.1" 304 0
INFO 2026-04-22 01:53:15,793 log 10348 13136 "GET /static/drf-yasg/swagger-ui-dist/swagger-ui-standalone-preset.js HTTP/1.1" 304 0
INFO 2026-04-22 01:53:15,805 log 10348 3652 "GET /static/drf-yasg/swagger-ui-init.js HTTP/1.1" 304 0
INFO 2026-04-22 01:53:15,821 log 10348 23376 "GET /static/drf-yasg/insQ.min.js HTTP/1.1" 304 0
INFO 2026-04-22 01:53:15,826 log 10348 5748 "GET /static/drf-yasg/immutable.min.js HTTP/1.1" 304 0
INFO 2026-04-22 01:53:19,343 middleware 10348 5004 ← [91m404[0m GET /swagger/logo.png - 29.83ms
WARNING 2026-04-22 01:53:19,345 log 10348 5004 Not Found: /swagger/logo.png
WARNING 2026-04-22 01:53:19,347 log 10348 5004 "GET /swagger/logo.png HTTP/1.1" 404 4536
INFO 2026-04-22 01:53:20,983 log 10348 6508 "GET /static/drf-yasg/swagger-ui-dist/favicon-32x32.png HTTP/1.1" 304 0
INFO 2026-04-22 01:53:24,192 middleware 10348 5004 ← [92m200[0m GET /swagger/ - 3595.55ms
INFO 2026-04-22 01:53:24,197 log 10348 5004 "GET /swagger/?format=openapi HTTP/1.1" 200 237809
INFO 2026-04-22 01:54:05,925 middleware 10348 5004 ← [92m200[0m POST /api/auth/login/ - 1850.99ms
INFO 2026-04-22 01:54:05,928 log 10348 5004 "POST /api/auth/login/ HTTP/1.1" 200 835
INFO 2026-04-22 01:55:32,222 middleware 10348 5004 ← [91m400[0m POST /api/consumption-requests/ - 24.60ms
WARNING 2026-04-22 01:55:32,227 log 10348 5004 Bad Request: /api/consumption-requests/
WARNING 2026-04-22 01:55:32,230 log 10348 5004 "POST /api/consumption-requests/ HTTP/1.1" 400 116
INFO 2026-04-22 01:57:30,170 middleware 10348 5004 ← [91m403[0m POST /api/providers/ - 11.43ms
WARNING 2026-04-22 01:57:30,171 log 10348 5004 Forbidden: /api/providers/
WARNING 2026-04-22 01:57:30,173 log 10348 5004 "POST /api/providers/ HTTP/1.1" 403 68
INFO 2026-04-22 01:58:25,856 middleware 10348 8048 ← [91m400[0m POST /api/auth/login/ - 1706.31ms
WARNING 2026-04-22 01:58:25,858 log 10348 8048 Bad Request: /api/auth/login/
WARNING 2026-04-22 01:58:25,859 log 10348 8048 "POST /api/auth/login/ HTTP/1.1" 400 57
INFO 2026-04-22 01:58:39,040 middleware 10348 8048 ← [91m400[0m POST /api/auth/login/ - 1727.15ms
WARNING 2026-04-22 01:58:39,041 log 10348 8048 Bad Request: /api/auth/login/
WARNING 2026-04-22 01:58:39,043 log 10348 8048 "POST /api/auth/login/ HTTP/1.1" 400 57
INFO 2026-04-22 01:58:48,685 middleware 10348 8048 ← [91m400[0m POST /api/auth/login/ - 2340.17ms
WARNING 2026-04-22 01:58:48,686 log 10348 8048 Bad Request: /api/auth/login/
WARNING 2026-04-22 01:58:48,688 log 10348 8048 "POST /api/auth/login/ HTTP/1.1" 400 57
INFO 2026-04-22 02:00:42,560 autoreload 10348 16204 C:\Users\hounk\Desktop\AMZ\Gestion Tickets\ticket_backend\apps\menus\models.py changed, reloading.
INFO 2026-04-22 02:00:47,512 autoreload 13208 21108 Watching for file changes with StatReloader
INFO 2026-04-22 02:01:05,112 autoreload 13208 21108 C:\Users\hounk\Desktop\AMZ\Gestion Tickets\ticket_backend\apps\orders\models.py changed, reloading.
INFO 2026-04-22 02:01:09,140 autoreload 20856 3708 Watching for file changes with StatReloader
INFO 2026-04-22 02:04:05,765 autoreload 20856 3708 C:\Users\hounk\Desktop\AMZ\Gestion Tickets\ticket_backend\config\urls.py changed, reloading.
INFO 2026-04-22 02:04:09,643 autoreload 4160 20552 Watching for file changes with StatReloader
INFO 2026-04-22 02:04:14,682 autoreload 4160 20552 C:\Users\hounk\Desktop\AMZ\Gestion Tickets\ticket_backend\config\urls.py changed, reloading.
INFO 2026-04-22 02:04:18,154 autoreload 22852 8904 Watching for file changes with StatReloader
INFO 2026-04-22 02:13:18,454 autoreload 21424 3336 Watching for file changes with StatReloader
INFO 2026-04-22 02:14:36,087 autoreload 21424 3336 C:\Users\hounk\Desktop\AMZ\Gestion Tickets\ticket_backend\apps\reporting\models.py changed, reloading.
INFO 2026-04-22 02:14:39,380 autoreload 18464 20492 Watching for file changes with StatReloader
INFO 2026-04-22 02:16:44,719 autoreload 18464 20492 C:\Users\hounk\Desktop\AMZ\Gestion Tickets\ticket_backend\apps\reporting\models.py changed, reloading.
INFO 2026-04-22 02:16:48,725 autoreload 5624 21052 Watching for file changes with StatReloader
INFO 2026-04-22 02:18:20,430 autoreload 5624 21052 C:\Users\hounk\Desktop\AMZ\Gestion Tickets\ticket_backend\config\urls.py changed, reloading.
INFO 2026-04-22 02:18:24,507 autoreload 18340 19912 Watching for file changes with StatReloader
INFO 2026-04-22 02:19:52,890 autoreload 7728 21780 Watching for file changes with StatReloader
INFO 2026-04-22 02:28:50,940 autoreload 7728 21780 C:\Users\hounk\Desktop\AMZ\Gestion Tickets\ticket_backend\config\urls.py changed, reloading.
INFO 2026-04-22 02:28:57,835 autoreload 5280 17952 Watching for file changes with StatReloader
INFO 2026-04-22 02:29:20,678 autoreload 5280 17952 C:\Users\hounk\Desktop\AMZ\Gestion Tickets\ticket_backend\config\urls.py changed, reloading.
INFO 2026-04-22 02:29:23,937 autoreload 15700 4388 Watching for file changes with StatReloader
INFO 2026-04-22 02:33:12,795 autoreload 15700 4388 C:\Users\hounk\Desktop\AMZ\Gestion Tickets\ticket_backend\config\settings\base.py changed, reloading.
INFO 2026-04-22 02:33:16,277 autoreload 17016 22908 Watching for file changes with StatReloader
INFO 2026-04-22 02:33:24,379 autoreload 17016 22908 C:\Users\hounk\Desktop\AMZ\Gestion Tickets\ticket_backend\config\settings\base.py changed, reloading.
INFO 2026-04-22 02:33:27,673 autoreload 4600 20936 Watching for file changes with StatReloader
INFO 2026-04-22 02:33:32,684 autoreload 4600 20936 C:\Users\hounk\Desktop\AMZ\Gestion Tickets\ticket_backend\config\settings\base.py changed, reloading.
INFO 2026-04-22 02:33:35,977 autoreload 21172 16392 Watching for file changes with StatReloader
INFO 2026-04-22 02:33:53,561 autoreload 21172 16392 C:\Users\hounk\Desktop\AMZ\Gestion Tickets\ticket_backend\config\settings\base.py changed, reloading.
INFO 2026-04-22 02:33:56,836 autoreload 5692 14644 Watching for file changes with StatReloader
INFO 2026-04-22 02:34:06,865 autoreload 5692 14644 C:\Users\hounk\Desktop\AMZ\Gestion Tickets\ticket_backend\config\settings\base.py changed, reloading.
INFO 2026-04-22 02:34:09,853 autoreload 13984 1756 Watching for file changes with StatReloader
ERROR 2026-04-22 02:34:19,035 log 13984 23520 Internal Server Error: /
Traceback (most recent call last):
  File "C:\Users\hounk\Desktop\AMZ\Gestion Tickets\ticket_backend\venv\Lib\site-packages\django\core\handlers\exception.py", line 55, in inner
    response = get_response(request)
  File "C:\Users\hounk\Desktop\AMZ\Gestion Tickets\ticket_backend\venv\Lib\site-packages\django\core\handlers\base.py", line 198, in _get_response
    response = wrapped_callback(request, *callback_args, **callback_kwargs)
  File "C:\Users\hounk\Desktop\AMZ\Gestion Tickets\ticket_backend\apps\core\views.py", line 31, in login_view
    return render(request, 'accounts/login.html')
  File "C:\Users\hounk\Desktop\AMZ\Gestion Tickets\ticket_backend\venv\Lib\site-packages\django\shortcuts.py", line 25, in render
    content = loader.render_to_string(template_name, context, request, using=using)
  File "C:\Users\hounk\Desktop\AMZ\Gestion Tickets\ticket_backend\venv\Lib\site-packages\django\template\loader.py", line 62, in render_to_string
    return template.render(context, request)
           ~~~~~~~~~~~~~~~^^^^^^^^^^^^^^^^^^
  File "C:\Users\hounk\Desktop\AMZ\Gestion Tickets\ticket_backend\venv\Lib\site-packages\django\template\backends\django.py", line 107, in render
    return self.template.render(context)
           ~~~~~~~~~~~~~~~~~~~~^^^^^^^^^
  File "C:\Users\hounk\Desktop\AMZ\Gestion Tickets\ticket_backend\venv\Lib\site-packages\django\template\base.py", line 174, in render
    return self._render(context)
           ~~~~~~~~~~~~^^^^^^^^^
  File "C:\Users\hounk\Desktop\AMZ\Gestion Tickets\ticket_backend\venv\Lib\site-packages\django\template\base.py", line 166, in _render
    return self.nodelist.render(context)
           ~~~~~~~~~~~~~~~~~~~~^^^^^^^^^
  File "C:\Users\hounk\Desktop\AMZ\Gestion Tickets\ticket_backend\venv\Lib\site-packages\django\template\base.py", line 1091, in render
    return SafeString("".join([node.render_annotated(context) for node in self]))
                               ~~~~~~~~~~~~~~~~~~~~~^^^^^^^^^
  File "C:\Users\hounk\Desktop\AMZ\Gestion Tickets\ticket_backend\venv\Lib\site-packages\django\template\base.py", line 1052, in render_annotated
    return self.render(context)
           ~~~~~~~~~~~^^^^^^^^^
  File "C:\Users\hounk\Desktop\AMZ\Gestion Tickets\ticket_backend\venv\Lib\site-packages\django\template\loader_tags.py", line 160, in render
    return compiled_parent._render(context)
           ~~~~~~~~~~~~~~~~~~~~~~~^^^^^^^^^
  File "C:\Users\hounk\Desktop\AMZ\Gestion Tickets\ticket_backend\venv\Lib\site-packages\django\template\base.py", line 166, in _render
    return self.nodelist.render(context)
           ~~~~~~~~~~~~~~~~~~~~^^^^^^^^^
  File "C:\Users\hounk\Desktop\AMZ\Gestion Tickets\ticket_backend\venv\Lib\site-packages\django\template\base.py", line 1091, in render
    return SafeString("".join([node.render_annotated(context) for node in self]))
                               ~~~~~~~~~~~~~~~~~~~~~^^^^^^^^^
  File "C:\Users\hounk\Desktop\AMZ\Gestion Tickets\ticket_backend\venv\Lib\site-packages\django\template\base.py", line 1052, in render_annotated
    return self.render(context)
           ~~~~~~~~~~~^^^^^^^^^
  File "C:\Users\hounk\Desktop\AMZ\Gestion Tickets\ticket_backend\venv\Lib\site-packages\django\template\loader_tags.py", line 211, in render
    return template.render(context)
           ~~~~~~~~~~~~~~~^^^^^^^^^
  File "C:\Users\hounk\Desktop\AMZ\Gestion Tickets\ticket_backend\venv\Lib\site-packages\django\template\base.py", line 176, in render
    return self._render(context)
           ~~~~~~~~~~~~^^^^^^^^^
  File "C:\Users\hounk\Desktop\AMZ\Gestion Tickets\ticket_backend\venv\Lib\site-packages\django\template\base.py", line 166, in _render
    return self.nodelist.render(context)
           ~~~~~~~~~~~~~~~~~~~~^^^^^^^^^
  File "C:\Users\hounk\Desktop\AMZ\Gestion Tickets\ticket_backend\venv\Lib\site-packages\django\template\base.py", line 1091, in render
    return SafeString("".join([node.render_annotated(context) for node in self]))
                               ~~~~~~~~~~~~~~~~~~~~~^^^^^^^^^
  File "C:\Users\hounk\Desktop\AMZ\Gestion Tickets\ticket_backend\venv\Lib\site-packages\django\template\base.py", line 1052, in render_annotated
    return self.render(context)
           ~~~~~~~~~~~^^^^^^^^^
  File "C:\Users\hounk\Desktop\AMZ\Gestion Tickets\ticket_backend\venv\Lib\site-packages\django\template\defaulttags.py", line 511, in render
    url = reverse(view_name, args=args, kwargs=kwargs, current_app=current_app)
  File "C:\Users\hounk\Desktop\AMZ\Gestion Tickets\ticket_backend\venv\Lib\site-packages\django\urls\base.py", line 98, in reverse
    resolved_url = resolver._reverse_with_prefix(view, prefix, *args, **kwargs)
  File "C:\Users\hounk\Desktop\AMZ\Gestion Tickets\ticket_backend\venv\Lib\site-packages\django\urls\resolvers.py", line 842, in _reverse_with_prefix
    raise NoReverseMatch(msg)
django.urls.exceptions.NoReverseMatch: Reverse for 'dashboard' not found. 'dashboard' is not a valid view function or pattern name.
INFO 2026-04-22 02:34:19,055 middleware 13984 23520 ← [91m500[0m GET / - 951.57ms
ERROR 2026-04-22 02:34:19,059 log 13984 23520 "GET / HTTP/1.1" 500 169776
INFO 2026-04-22 02:34:22,186 middleware 13984 23520 ← [91m404[0m GET /logo.png - 21.53ms
WARNING 2026-04-22 02:34:22,188 log 13984 23520 Not Found: /logo.png
WARNING 2026-04-22 02:34:22,191 log 13984 23520 "GET /logo.png HTTP/1.1" 404 6376
INFO 2026-04-22 02:35:15,420 autoreload 13984 1756 C:\Users\hounk\Desktop\AMZ\Gestion Tickets\ticket_backend\config\urls.py changed, reloading.
INFO 2026-04-22 02:35:19,179 autoreload 22824 23460 Watching for file changes with StatReloader
INFO 2026-04-22 02:36:27,137 autoreload 22824 23460 C:\Users\hounk\Desktop\AMZ\Gestion Tickets\ticket_backend\apps\dashboard\views.py changed, reloading.
INFO 2026-04-22 02:36:31,432 autoreload 7536 23212 Watching for file changes with StatReloader
ERROR 2026-04-22 02:36:49,157 log 7536 21508 Internal Server Error: /
Traceback (most recent call last):
  File "C:\Users\hounk\Desktop\AMZ\Gestion Tickets\ticket_backend\venv\Lib\site-packages\django\core\handlers\exception.py", line 55, in inner
    response = get_response(request)
  File "C:\Users\hounk\Desktop\AMZ\Gestion Tickets\ticket_backend\venv\Lib\site-packages\django\core\handlers\base.py", line 198, in _get_response
    response = wrapped_callback(request, *callback_args, **callback_kwargs)
  File "C:\Users\hounk\Desktop\AMZ\Gestion Tickets\ticket_backend\apps\core\views.py", line 31, in login_view
    return render(request, 'accounts/login.html')
  File "C:\Users\hounk\Desktop\AMZ\Gestion Tickets\ticket_backend\venv\Lib\site-packages\django\shortcuts.py", line 25, in render
    content = loader.render_to_string(template_name, context, request, using=using)
  File "C:\Users\hounk\Desktop\AMZ\Gestion Tickets\ticket_backend\venv\Lib\site-packages\django\template\loader.py", line 62, in render_to_string
    return template.render(context, request)
           ~~~~~~~~~~~~~~~^^^^^^^^^^^^^^^^^^
  File "C:\Users\hounk\Desktop\AMZ\Gestion Tickets\ticket_backend\venv\Lib\site-packages\django\template\backends\django.py", line 107, in render
    return self.template.render(context)
           ~~~~~~~~~~~~~~~~~~~~^^^^^^^^^
  File "C:\Users\hounk\Desktop\AMZ\Gestion Tickets\ticket_backend\venv\Lib\site-packages\django\template\base.py", line 174, in render
    return self._render(context)
           ~~~~~~~~~~~~^^^^^^^^^
  File "C:\Users\hounk\Desktop\AMZ\Gestion Tickets\ticket_backend\venv\Lib\site-packages\django\template\base.py", line 166, in _render
    return self.nodelist.render(context)
           ~~~~~~~~~~~~~~~~~~~~^^^^^^^^^
  File "C:\Users\hounk\Desktop\AMZ\Gestion Tickets\ticket_backend\venv\Lib\site-packages\django\template\base.py", line 1091, in render
    return SafeString("".join([node.render_annotated(context) for node in self]))
                               ~~~~~~~~~~~~~~~~~~~~~^^^^^^^^^
  File "C:\Users\hounk\Desktop\AMZ\Gestion Tickets\ticket_backend\venv\Lib\site-packages\django\template\base.py", line 1052, in render_annotated
    return self.render(context)
           ~~~~~~~~~~~^^^^^^^^^
  File "C:\Users\hounk\Desktop\AMZ\Gestion Tickets\ticket_backend\venv\Lib\site-packages\django\template\loader_tags.py", line 160, in render
    return compiled_parent._render(context)
           ~~~~~~~~~~~~~~~~~~~~~~~^^^^^^^^^
  File "C:\Users\hounk\Desktop\AMZ\Gestion Tickets\ticket_backend\venv\Lib\site-packages\django\template\base.py", line 166, in _render
    return self.nodelist.render(context)
           ~~~~~~~~~~~~~~~~~~~~^^^^^^^^^
  File "C:\Users\hounk\Desktop\AMZ\Gestion Tickets\ticket_backend\venv\Lib\site-packages\django\template\base.py", line 1091, in render
    return SafeString("".join([node.render_annotated(context) for node in self]))
                               ~~~~~~~~~~~~~~~~~~~~~^^^^^^^^^
  File "C:\Users\hounk\Desktop\AMZ\Gestion Tickets\ticket_backend\venv\Lib\site-packages\django\template\base.py", line 1052, in render_annotated
    return self.render(context)
           ~~~~~~~~~~~^^^^^^^^^
  File "C:\Users\hounk\Desktop\AMZ\Gestion Tickets\ticket_backend\venv\Lib\site-packages\django\template\loader_tags.py", line 211, in render
    return template.render(context)
           ~~~~~~~~~~~~~~~^^^^^^^^^
  File "C:\Users\hounk\Desktop\AMZ\Gestion Tickets\ticket_backend\venv\Lib\site-packages\django\template\base.py", line 176, in render
    return self._render(context)
           ~~~~~~~~~~~~^^^^^^^^^
  File "C:\Users\hounk\Desktop\AMZ\Gestion Tickets\ticket_backend\venv\Lib\site-packages\django\template\base.py", line 166, in _render
    return self.nodelist.render(context)
           ~~~~~~~~~~~~~~~~~~~~^^^^^^^^^
  File "C:\Users\hounk\Desktop\AMZ\Gestion Tickets\ticket_backend\venv\Lib\site-packages\django\template\base.py", line 1091, in render
    return SafeString("".join([node.render_annotated(context) for node in self]))
                               ~~~~~~~~~~~~~~~~~~~~~^^^^^^^^^
  File "C:\Users\hounk\Desktop\AMZ\Gestion Tickets\ticket_backend\venv\Lib\site-packages\django\template\base.py", line 1052, in render_annotated
    return self.render(context)
           ~~~~~~~~~~~^^^^^^^^^
  File "C:\Users\hounk\Desktop\AMZ\Gestion Tickets\ticket_backend\venv\Lib\site-packages\django\template\defaulttags.py", line 333, in render
    return nodelist.render(context)
           ~~~~~~~~~~~~~~~^^^^^^^^^
  File "C:\Users\hounk\Desktop\AMZ\Gestion Tickets\ticket_backend\venv\Lib\site-packages\django\template\base.py", line 1091, in render
    return SafeString("".join([node.render_annotated(context) for node in self]))
                               ~~~~~~~~~~~~~~~~~~~~~^^^^^^^^^
  File "C:\Users\hounk\Desktop\AMZ\Gestion Tickets\ticket_backend\venv\Lib\site-packages\django\template\base.py", line 1052, in render_annotated
    return self.render(context)
           ~~~~~~~~~~~^^^^^^^^^
  File "C:\Users\hounk\Desktop\AMZ\Gestion Tickets\ticket_backend\venv\Lib\site-packages\django\template\defaulttags.py", line 511, in render
    url = reverse(view_name, args=args, kwargs=kwargs, current_app=current_app)
  File "C:\Users\hounk\Desktop\AMZ\Gestion Tickets\ticket_backend\venv\Lib\site-packages\django\urls\base.py", line 98, in reverse
    resolved_url = resolver._reverse_with_prefix(view, prefix, *args, **kwargs)
  File "C:\Users\hounk\Desktop\AMZ\Gestion Tickets\ticket_backend\venv\Lib\site-packages\django\urls\resolvers.py", line 842, in _reverse_with_prefix
    raise NoReverseMatch(msg)
django.urls.exceptions.NoReverseMatch: Reverse for 'my_balance' not found. 'my_balance' is not a valid view function or pattern name.
INFO 2026-04-22 02:36:49,180 middleware 7536 21508 ← [91m500[0m GET / - 317.59ms
ERROR 2026-04-22 02:36:49,183 log 7536 21508 "GET / HTTP/1.1" 500 183577
INFO 2026-04-22 02:36:51,475 middleware 7536 21508 ← [91m404[0m GET /logo.png - 32.94ms
WARNING 2026-04-22 02:36:51,479 log 7536 21508 Not Found: /logo.png
WARNING 2026-04-22 02:36:51,482 log 7536 21508 "GET /logo.png HTTP/1.1" 404 6570
INFO 2026-04-22 02:38:05,161 autoreload 7536 23212 C:\Users\hounk\Desktop\AMZ\Gestion Tickets\ticket_backend\config\urls.py changed, reloading.
INFO 2026-04-22 02:38:08,981 autoreload 2004 22656 Watching for file changes with StatReloader
INFO 2026-04-22 02:44:11,406 autoreload 20976 21904 Watching for file changes with StatReloader
INFO 2026-04-22 02:44:55,955 autoreload 20976 21904 C:\Users\hounk\Desktop\AMZ\Gestion Tickets\ticket_backend\apps\core\views.py changed, reloading.
INFO 2026-04-22 02:44:59,649 autoreload 11484 8608 Watching for file changes with StatReloader
INFO 2026-04-22 02:45:22,964 autoreload 11484 8608 C:\Users\hounk\Desktop\AMZ\Gestion Tickets\ticket_backend\config\urls.py changed, reloading.
INFO 2026-04-22 02:45:26,071 autoreload 6300 21372 Watching for file changes with StatReloader
INFO 2026-04-22 02:45:32,819 middleware 6300 3652 ← [92m200[0m GET / - 101.51ms
INFO 2026-04-22 02:45:32,825 log 6300 3652 "GET / HTTP/1.1" 200 5654
WARNING 2026-04-22 02:45:33,066 log 6300 20792 "GET /static/img/logo.png HTTP/1.1" 404 1963
INFO 2026-04-22 02:45:33,111 log 6300 3652 "GET /static/css/main.css HTTP/1.1" 200 2390
INFO 2026-04-22 02:45:33,922 log 6300 3652 "GET /static/js/main.js HTTP/1.1" 200 978
INFO 2026-04-22 02:45:34,354 log 6300 876 "GET /static/js/main.js HTTP/1.1" 200 978
INFO 2026-04-22 02:45:35,620 middleware 6300 3652 ← [91m404[0m GET /logo.png - 23.13ms
WARNING 2026-04-22 02:45:35,622 log 6300 3652 Not Found: /logo.png
WARNING 2026-04-22 02:45:35,624 log 6300 3652 "GET /logo.png HTTP/1.1" 404 8214
INFO 2026-04-22 02:45:45,362 middleware 6300 3652 ← [91m302[0m GET /logout/ - 29.73ms
INFO 2026-04-22 02:45:45,367 log 6300 3652 "GET /logout/ HTTP/1.1" 302 0
INFO 2026-04-22 02:45:45,400 middleware 6300 3652 ← [92m200[0m GET /login/ - 4.25ms
INFO 2026-04-22 02:45:45,403 log 6300 3652 "GET /login/ HTTP/1.1" 200 5012
WARNING 2026-04-22 02:45:45,734 log 6300 3652 "GET /static/img/logo.png HTTP/1.1" 404 1963
INFO 2026-04-22 02:45:46,679 middleware 6300 9032 ← [91m404[0m GET /login/logo.png - 21.15ms
WARNING 2026-04-22 02:45:46,680 log 6300 9032 Not Found: /login/logo.png
WARNING 2026-04-22 02:45:46,682 log 6300 9032 "GET /login/logo.png HTTP/1.1" 404 8232
INFO 2026-04-22 02:45:55,434 middleware 6300 9032 ← [91m302[0m GET /logout/ - 1.83ms
INFO 2026-04-22 02:45:55,436 log 6300 9032 "GET /logout/ HTTP/1.1" 302 0
INFO 2026-04-22 02:45:55,482 middleware 6300 9032 ← [91m404[0m GET /accounts/login/ - 19.75ms
WARNING 2026-04-22 02:45:55,484 log 6300 9032 Not Found: /accounts/login/
WARNING 2026-04-22 02:45:55,489 log 6300 9032 "GET /accounts/login/?next=/logout/ HTTP/1.1" 404 8249
INFO 2026-04-22 02:45:56,365 middleware 6300 9032 ← [91m404[0m GET /accounts/login/logo.png - 15.00ms
WARNING 2026-04-22 02:45:56,367 log 6300 9032 Not Found: /accounts/login/logo.png
WARNING 2026-04-22 02:45:56,369 log 6300 9032 "GET /accounts/login/logo.png HTTP/1.1" 404 8259
INFO 2026-04-22 02:49:54,040 middleware 6300 9032 ← [91m404[0m GET /api_test.html - 16.49ms
WARNING 2026-04-22 02:49:54,043 log 6300 9032 Not Found: /api_test.html
WARNING 2026-04-22 02:49:54,046 log 6300 9032 "GET /api_test.html HTTP/1.1" 404 8229
INFO 2026-04-22 02:49:56,950 middleware 6300 9032 ← [91m404[0m GET /logo.png - 15.49ms
WARNING 2026-04-22 02:49:56,952 log 6300 9032 Not Found: /logo.png
WARNING 2026-04-22 02:49:56,957 log 6300 9032 "GET /logo.png HTTP/1.1" 404 8214
INFO 2026-04-22 03:10:23,922 autoreload 6300 21372 C:\Users\hounk\Desktop\AMZ\Gestion Tickets\ticket_backend\apps\core\views.py changed, reloading.
INFO 2026-04-22 03:10:27,227 autoreload 23356 13984 Watching for file changes with StatReloader
INFO 2026-04-22 03:11:01,057 autoreload 23356 13984 C:\Users\hounk\Desktop\AMZ\Gestion Tickets\ticket_backend\config\urls.py changed, reloading.
INFO 2026-04-22 03:11:03,086 autoreload 21608 10964 Watching for file changes with StatReloader
INFO 2026-04-22 03:11:15,788 autoreload 21608 10964 C:\Users\hounk\Desktop\AMZ\Gestion Tickets\ticket_backend\config\urls.py changed, reloading.
INFO 2026-04-22 03:11:17,933 autoreload 23520 11052 Watching for file changes with StatReloader
INFO 2026-04-22 03:12:18,963 autoreload 23520 11052 C:\Users\hounk\Desktop\AMZ\Gestion Tickets\ticket_backend\apps\core\views.py changed, reloading.
INFO 2026-04-22 03:12:20,928 autoreload 23256 22488 Watching for file changes with StatReloader
INFO 2026-04-22 03:12:43,068 autoreload 23256 22488 C:\Users\hounk\Desktop\AMZ\Gestion Tickets\ticket_backend\apps\core\views.py changed, reloading.
INFO 2026-04-22 03:12:45,336 autoreload 8056 15800 Watching for file changes with StatReloader
INFO 2026-04-22 03:12:48,930 autoreload 8056 15800 C:\Users\hounk\Desktop\AMZ\Gestion Tickets\ticket_backend\apps\core\views.py changed, reloading.
INFO 2026-04-22 03:12:50,713 autoreload 12784 21540 Watching for file changes with StatReloader
INFO 2026-04-22 03:13:00,478 autoreload 20064 21800 Watching for file changes with StatReloader
INFO 2026-04-22 03:13:50,273 autoreload 20064 21800 C:\Users\hounk\Desktop\AMZ\Gestion Tickets\ticket_backend\config\urls.py changed, reloading.
INFO 2026-04-22 03:13:52,055 autoreload 5344 3636 Watching for file changes with StatReloader
INFO 2026-04-22 03:13:58,145 autoreload 5344 3636 C:\Users\hounk\Desktop\AMZ\Gestion Tickets\ticket_backend\config\urls.py changed, reloading.
INFO 2026-04-22 03:14:00,255 autoreload 18556 20516 Watching for file changes with StatReloader
INFO 2026-04-22 03:14:20,097 autoreload 18556 20516 C:\Users\hounk\Desktop\AMZ\Gestion Tickets\ticket_backend\config\urls.py changed, reloading.
INFO 2026-04-22 03:14:22,186 autoreload 20344 22648 Watching for file changes with StatReloader
INFO 2026-04-22 03:14:30,863 log 20344 7268 "GET /static/js/main.js HTTP/1.1" 304 0
INFO 2026-04-22 03:14:35,970 middleware 20344 22608 ← [92m200[0m GET /login/ - 20.12ms
INFO 2026-04-22 03:14:35,973 log 20344 22608 "GET /login/ HTTP/1.1" 200 6406
INFO 2026-04-22 03:14:36,430 middleware 20344 22608 ← [91m404[0m GET /login/logo.png - 13.41ms
WARNING 2026-04-22 03:14:36,432 log 20344 22608 Not Found: /login/logo.png
WARNING 2026-04-22 03:14:36,433 log 20344 22608 "GET /login/logo.png HTTP/1.1" 404 8576
INFO 2026-04-22 03:14:45,792 middleware 20344 22608 ← [92m200[0m GET / - 2.44ms
INFO 2026-04-22 03:14:45,793 log 20344 22608 "GET / HTTP/1.1" 200 16804
INFO 2026-04-22 03:14:46,372 middleware 20344 22608 ← [91m404[0m GET /logo.png - 14.39ms
WARNING 2026-04-22 03:14:46,373 log 20344 22608 Not Found: /logo.png
WARNING 2026-04-22 03:14:46,374 log 20344 22608 "GET /logo.png HTTP/1.1" 404 8558
INFO 2026-04-22 03:15:07,853 middleware 20344 22608 ← [92m200[0m GET /register-company/ - 2.12ms
INFO 2026-04-22 03:15:07,854 log 20344 22608 "GET /register-company/ HTTP/1.1" 200 9406
INFO 2026-04-22 03:15:08,391 middleware 20344 22608 ← [91m404[0m GET /register-company/logo.png - 8.15ms
WARNING 2026-04-22 03:15:08,392 log 20344 22608 Not Found: /register-company/logo.png
WARNING 2026-04-22 03:15:08,393 log 20344 22608 "GET /register-company/logo.png HTTP/1.1" 404 8609
INFO 2026-04-22 03:15:16,614 middleware 20344 22608 ← [92m200[0m GET /login/ - 1.23ms
INFO 2026-04-22 03:15:16,616 log 20344 22608 "GET /login/ HTTP/1.1" 200 6406
INFO 2026-04-22 03:15:17,091 middleware 20344 22608 ← [91m404[0m GET /login/logo.png - 9.23ms
WARNING 2026-04-22 03:15:17,092 log 20344 22608 Not Found: /login/logo.png
WARNING 2026-04-22 03:15:17,093 log 20344 22608 "GET /login/logo.png HTTP/1.1" 404 8576
INFO 2026-04-22 03:17:34,779 middleware 20344 22608 ← [92m200[0m POST /login/ - 1256.33ms
INFO 2026-04-22 03:17:34,786 log 20344 22608 "POST /login/ HTTP/1.1" 200 6406
INFO 2026-04-22 03:17:35,189 middleware 20344 22608 ← [91m404[0m GET /login/logo.png - 7.74ms
WARNING 2026-04-22 03:17:35,190 log 20344 22608 Not Found: /login/logo.png
WARNING 2026-04-22 03:17:35,192 log 20344 22608 "GET /login/logo.png HTTP/1.1" 404 8576
INFO 2026-04-22 03:17:42,188 middleware 20344 22608 ← [92m200[0m GET /login/ - 1.14ms
INFO 2026-04-22 03:17:42,189 log 20344 22608 "GET /login/ HTTP/1.1" 200 6406
INFO 2026-04-22 03:17:45,145 middleware 20344 22608 ← [92m200[0m GET / - 0.92ms
INFO 2026-04-22 03:17:45,146 log 20344 22608 "GET / HTTP/1.1" 200 16804
INFO 2026-04-22 03:17:45,534 middleware 20344 22608 ← [91m404[0m GET /logo.png - 8.52ms
WARNING 2026-04-22 03:17:45,535 log 20344 22608 Not Found: /logo.png
WARNING 2026-04-22 03:17:45,537 log 20344 22608 "GET /logo.png HTTP/1.1" 404 8558
INFO 2026-04-22 07:27:43,351 autoreload 26524 28588 Watching for file changes with StatReloader
INFO 2026-04-22 07:29:20,107 autoreload 26524 28588 C:\Users\hounk\Desktop\AMZ\Gestion Tickets\ticket_backend\apps\core\middleware.py changed, reloading.
INFO 2026-04-22 07:29:23,112 autoreload 9932 23444 Watching for file changes with StatReloader
INFO 2026-04-22 07:29:37,298 autoreload 9932 23444 C:\Users\hounk\Desktop\AMZ\Gestion Tickets\ticket_backend\apps\core\middleware.py changed, reloading.
INFO 2026-04-22 07:29:40,564 autoreload 28748 28592 Watching for file changes with StatReloader
ERROR 2026-04-22 07:29:59,118 log 28748 29548 Internal Server Error: /login/
Traceback (most recent call last):
  File "C:\Users\hounk\Desktop\AMZ\Gestion Tickets\ticket_backend\venv\Lib\site-packages\django\core\handlers\exception.py", line 55, in inner
    response = get_response(request)
  File "C:\Users\hounk\Desktop\AMZ\Gestion Tickets\ticket_backend\venv\Lib\site-packages\django\utils\deprecation.py", line 311, in __call__
    response = self.process_response(request, response)
  File "C:\Users\hounk\Desktop\AMZ\Gestion Tickets\ticket_backend\apps\core\middleware.py", line 44, in process_response
    logger.info(f"{response.status_code} {request.method} {request.path} - {duration:.2f}ms")
    ^^^^^^
NameError: name 'logger' is not defined
ERROR 2026-04-22 07:29:59,123 log 28748 29548 "GET /login/ HTTP/1.1" 500 76253
ERROR 2026-04-22 07:29:59,881 log 28748 29548 Internal Server Error: /login/logo.png
Traceback (most recent call last):
  File "C:\Users\hounk\Desktop\AMZ\Gestion Tickets\ticket_backend\venv\Lib\site-packages\django\core\handlers\exception.py", line 55, in inner
    response = get_response(request)
  File "C:\Users\hounk\Desktop\AMZ\Gestion Tickets\ticket_backend\venv\Lib\site-packages\django\utils\deprecation.py", line 311, in __call__
    response = self.process_response(request, response)
  File "C:\Users\hounk\Desktop\AMZ\Gestion Tickets\ticket_backend\apps\core\middleware.py", line 44, in process_response
    logger.info(f"{response.status_code} {request.method} {request.path} - {duration:.2f}ms")
    ^^^^^^
NameError: name 'logger' is not defined
ERROR 2026-04-22 07:29:59,885 log 28748 29548 "GET /login/logo.png HTTP/1.1" 500 75777
ERROR 2026-04-22 07:30:05,666 log 28748 29548 Internal Server Error: /login/
Traceback (most recent call last):
  File "C:\Users\hounk\Desktop\AMZ\Gestion Tickets\ticket_backend\venv\Lib\site-packages\django\core\handlers\exception.py", line 55, in inner
    response = get_response(request)
  File "C:\Users\hounk\Desktop\AMZ\Gestion Tickets\ticket_backend\venv\Lib\site-packages\django\utils\deprecation.py", line 311, in __call__
    response = self.process_response(request, response)
  File "C:\Users\hounk\Desktop\AMZ\Gestion Tickets\ticket_backend\apps\core\middleware.py", line 44, in process_response
    logger.info(f"{response.status_code} {request.method} {request.path} - {duration:.2f}ms")
    ^^^^^^
NameError: name 'logger' is not defined
ERROR 2026-04-22 07:30:05,669 log 28748 29548 "GET /login/ HTTP/1.1" 500 76251
ERROR 2026-04-22 07:30:06,185 log 28748 29548 Internal Server Error: /login/logo.png
Traceback (most recent call last):
  File "C:\Users\hounk\Desktop\AMZ\Gestion Tickets\ticket_backend\venv\Lib\site-packages\django\core\handlers\exception.py", line 55, in inner
    response = get_response(request)
  File "C:\Users\hounk\Desktop\AMZ\Gestion Tickets\ticket_backend\venv\Lib\site-packages\django\utils\deprecation.py", line 311, in __call__
    response = self.process_response(request, response)
  File "C:\Users\hounk\Desktop\AMZ\Gestion Tickets\ticket_backend\apps\core\middleware.py", line 44, in process_response
    logger.info(f"{response.status_code} {request.method} {request.path} - {duration:.2f}ms")
    ^^^^^^
NameError: name 'logger' is not defined
ERROR 2026-04-22 07:30:06,189 log 28748 29548 "GET /login/logo.png HTTP/1.1" 500 75777
ERROR 2026-04-22 07:30:16,519 log 28748 29548 Internal Server Error: /register-company/
Traceback (most recent call last):
  File "C:\Users\hounk\Desktop\AMZ\Gestion Tickets\ticket_backend\venv\Lib\site-packages\django\core\handlers\exception.py", line 55, in inner
    response = get_response(request)
  File "C:\Users\hounk\Desktop\AMZ\Gestion Tickets\ticket_backend\venv\Lib\site-packages\django\utils\deprecation.py", line 311, in __call__
    response = self.process_response(request, response)
  File "C:\Users\hounk\Desktop\AMZ\Gestion Tickets\ticket_backend\apps\core\middleware.py", line 44, in process_response
    logger.info(f"{response.status_code} {request.method} {request.path} - {duration:.2f}ms")
    ^^^^^^
NameError: name 'logger' is not defined
ERROR 2026-04-22 07:30:16,522 log 28748 29548 "GET /register-company/ HTTP/1.1" 500 76368
ERROR 2026-04-22 07:30:16,980 log 28748 29548 Internal Server Error: /register-company/logo.png
Traceback (most recent call last):
  File "C:\Users\hounk\Desktop\AMZ\Gestion Tickets\ticket_backend\venv\Lib\site-packages\django\core\handlers\exception.py", line 55, in inner
    response = get_response(request)
  File "C:\Users\hounk\Desktop\AMZ\Gestion Tickets\ticket_backend\venv\Lib\site-packages\django\utils\deprecation.py", line 311, in __call__
    response = self.process_response(request, response)
  File "C:\Users\hounk\Desktop\AMZ\Gestion Tickets\ticket_backend\apps\core\middleware.py", line 44, in process_response
    logger.info(f"{response.status_code} {request.method} {request.path} - {duration:.2f}ms")
    ^^^^^^
NameError: name 'logger' is not defined
ERROR 2026-04-22 07:30:16,983 log 28748 29548 "GET /register-company/logo.png HTTP/1.1" 500 75897
ERROR 2026-04-22 07:30:21,946 log 28748 29548 Internal Server Error: /login/
Traceback (most recent call last):
  File "C:\Users\hounk\Desktop\AMZ\Gestion Tickets\ticket_backend\venv\Lib\site-packages\django\core\handlers\exception.py", line 55, in inner
    response = get_response(request)
  File "C:\Users\hounk\Desktop\AMZ\Gestion Tickets\ticket_backend\venv\Lib\site-packages\django\utils\deprecation.py", line 311, in __call__
    response = self.process_response(request, response)
  File "C:\Users\hounk\Desktop\AMZ\Gestion Tickets\ticket_backend\apps\core\middleware.py", line 44, in process_response
    logger.info(f"{response.status_code} {request.method} {request.path} - {duration:.2f}ms")
    ^^^^^^
NameError: name 'logger' is not defined
ERROR 2026-04-22 07:30:21,948 log 28748 29548 "GET /login/ HTTP/1.1" 500 76265
ERROR 2026-04-22 07:30:22,407 log 28748 29548 Internal Server Error: /login/logo.png
Traceback (most recent call last):
  File "C:\Users\hounk\Desktop\AMZ\Gestion Tickets\ticket_backend\venv\Lib\site-packages\django\core\handlers\exception.py", line 55, in inner
    response = get_response(request)
  File "C:\Users\hounk\Desktop\AMZ\Gestion Tickets\ticket_backend\venv\Lib\site-packages\django\utils\deprecation.py", line 311, in __call__
    response = self.process_response(request, response)
  File "C:\Users\hounk\Desktop\AMZ\Gestion Tickets\ticket_backend\apps\core\middleware.py", line 44, in process_response
    logger.info(f"{response.status_code} {request.method} {request.path} - {duration:.2f}ms")
    ^^^^^^
NameError: name 'logger' is not defined
ERROR 2026-04-22 07:30:22,410 log 28748 29548 "GET /login/logo.png HTTP/1.1" 500 75788
INFO 2026-04-22 07:31:47,016 autoreload 28748 28592 C:\Users\hounk\Desktop\AMZ\Gestion Tickets\ticket_backend\apps\core\middleware.py changed, reloading.
INFO 2026-04-22 07:31:49,348 autoreload 17116 27792 Watching for file changes with StatReloader
INFO 2026-04-22 07:31:55,669 middleware 17116 23484 200 GET /login/ - 12.08ms
INFO 2026-04-22 07:31:55,673 log 17116 23484 "GET /login/ HTTP/1.1" 200 6406
INFO 2026-04-22 07:31:56,093 middleware 17116 23484 404 GET /login/logo.png - 9.97ms
WARNING 2026-04-22 07:31:56,095 log 17116 23484 Not Found: /login/logo.png
WARNING 2026-04-22 07:31:56,096 log 17116 23484 "GET /login/logo.png HTTP/1.1" 404 8248
INFO 2026-04-22 07:32:01,465 middleware 17116 23484 200 GET /register-company/ - 1.66ms
INFO 2026-04-22 07:32:01,466 log 17116 23484 "GET /register-company/ HTTP/1.1" 200 9129
INFO 2026-04-22 07:32:01,910 middleware 17116 23484 404 GET /register-company/logo.png - 11.28ms
WARNING 2026-04-22 07:32:01,911 log 17116 23484 Not Found: /register-company/logo.png
WARNING 2026-04-22 07:32:01,912 log 17116 23484 "GET /register-company/logo.png HTTP/1.1" 404 8281
INFO 2026-04-22 07:32:16,716 middleware 17116 23484 200 GET /register-company/ - 0.97ms
INFO 2026-04-22 07:32:16,718 log 17116 23484 "GET /register-company/ HTTP/1.1" 200 9129
INFO 2026-04-22 07:32:17,137 middleware 17116 23484 404 GET /register-company/logo.png - 7.82ms
WARNING 2026-04-22 07:32:17,138 log 17116 23484 Not Found: /register-company/logo.png
WARNING 2026-04-22 07:32:17,139 log 17116 23484 "GET /register-company/logo.png HTTP/1.1" 404 8281
INFO 2026-04-22 07:32:56,934 middleware 17116 23484 200 GET /login/ - 0.55ms
INFO 2026-04-22 07:32:56,937 log 17116 23484 "GET /login/ HTTP/1.1" 200 6406
INFO 2026-04-22 07:32:57,544 middleware 17116 23484 404 GET /login/logo.png - 9.15ms
WARNING 2026-04-22 07:32:57,545 log 17116 23484 Not Found: /login/logo.png
WARNING 2026-04-22 07:32:57,545 log 17116 23484 "GET /login/logo.png HTTP/1.1" 404 8248
INFO 2026-04-22 07:33:24,618 middleware 17116 23484 200 GET /register-company/ - 0.49ms
INFO 2026-04-22 07:33:24,620 log 17116 23484 "GET /register-company/ HTTP/1.1" 200 9129
INFO 2026-04-22 07:33:25,179 middleware 17116 23484 404 GET /register-company/logo.png - 8.03ms
WARNING 2026-04-22 07:33:25,180 log 17116 23484 Not Found: /register-company/logo.png
WARNING 2026-04-22 07:33:25,181 log 17116 23484 "GET /register-company/logo.png HTTP/1.1" 404 8281
INFO 2026-04-22 07:38:39,917 autoreload 17116 27792 C:\Users\hounk\Desktop\AMZ\Gestion Tickets\ticket_backend\config\urls.py changed, reloading.
INFO 2026-04-22 07:38:42,110 autoreload 26184 25948 Watching for file changes with StatReloader
INFO 2026-04-22 07:40:29,021 autoreload 26184 25948 C:\Users\hounk\Desktop\AMZ\Gestion Tickets\ticket_backend\apps\purchases\serializers.py changed, reloading.
INFO 2026-04-22 07:40:31,325 autoreload 29136 22932 Watching for file changes with StatReloader
INFO 2026-04-22 07:40:36,982 autoreload 29136 22932 C:\Users\hounk\Desktop\AMZ\Gestion Tickets\ticket_backend\apps\purchases\serializers.py changed, reloading.
INFO 2026-04-22 07:40:39,233 autoreload 12628 16864 Watching for file changes with StatReloader
INFO 2026-04-22 07:41:37,329 autoreload 12628 16864 C:\Users\hounk\Desktop\AMZ\Gestion Tickets\ticket_backend\config\urls.py changed, reloading.
INFO 2026-04-22 07:41:39,548 autoreload 11596 22444 Watching for file changes with StatReloader
INFO 2026-04-22 07:53:03,911 autoreload 11596 22444 C:\Users\hounk\Desktop\AMZ\Gestion Tickets\ticket_backend\apps\companies\views.py changed, reloading.
INFO 2026-04-22 07:53:07,507 autoreload 28348 28912 Watching for file changes with StatReloader
ERROR 2026-04-22 07:55:29,690 log 28348 7128 Internal Server Error: /register-company/
Traceback (most recent call last):
  File "C:\Users\hounk\Desktop\AMZ\Gestion Tickets\ticket_backend\venv\Lib\site-packages\django\core\handlers\exception.py", line 55, in inner
    response = get_response(request)
  File "C:\Users\hounk\Desktop\AMZ\Gestion Tickets\ticket_backend\venv\Lib\site-packages\django\core\handlers\base.py", line 198, in _get_response
    response = wrapped_callback(request, *callback_args, **callback_kwargs)
  File "C:\Users\hounk\Desktop\AMZ\Gestion Tickets\ticket_backend\apps\core\views.py", line 29, in register_company
    admin = User.objects.create_user(
        username=admin_email,
    ...<5 lines>...
        company_name=company_name
    )
  File "C:\Users\hounk\Desktop\AMZ\Gestion Tickets\ticket_backend\venv\Lib\site-packages\django\contrib\auth\models.py", line 175, in create_user
    return self._create_user(username, email, password, **extra_fields)
           ~~~~~~~~~~~~~~~~~^^^^^^^^^^^^^^^^^^^^^^^^^^^^^^^^^^^^^^^^^^^
  File "C:\Users\hounk\Desktop\AMZ\Gestion Tickets\ticket_backend\venv\Lib\site-packages\django\contrib\auth\models.py", line 162, in _create_user
    user = self._create_user_object(username, email, password, **extra_fields)
  File "C:\Users\hounk\Desktop\AMZ\Gestion Tickets\ticket_backend\venv\Lib\site-packages\django\contrib\auth\models.py", line 154, in _create_user_object
    user = self.model(username=username, email=email, **extra_fields)
  File "C:\Users\hounk\Desktop\AMZ\Gestion Tickets\ticket_backend\venv\Lib\site-packages\django\db\models\base.py", line 590, in __init__
    raise TypeError(
    ...<2 lines>...
    )
TypeError: User() got unexpected keyword arguments: 'company_name'
INFO 2026-04-22 07:55:29,699 middleware 28348 7128 500 POST /register-company/ - 251.73ms
ERROR 2026-04-22 07:55:29,700 log 28348 7128 "POST /register-company/ HTTP/1.1" 500 103893
INFO 2026-04-22 07:55:31,312 middleware 28348 7128 404 GET /register-company/logo.png - 11.61ms
WARNING 2026-04-22 07:55:31,313 log 28348 7128 Not Found: /register-company/logo.png
WARNING 2026-04-22 07:55:31,314 log 28348 7128 "GET /register-company/logo.png HTTP/1.1" 404 8464
INFO 2026-04-22 07:56:50,212 autoreload 28348 28912 C:\Users\hounk\Desktop\AMZ\Gestion Tickets\ticket_backend\apps\core\views.py changed, reloading.
INFO 2026-04-22 07:56:52,822 autoreload 8136 28600 Watching for file changes with StatReloader
ERROR 2026-04-22 07:57:10,542 log 8136 25968 Internal Server Error: /register-company/
Traceback (most recent call last):
  File "C:\Users\hounk\Desktop\AMZ\Gestion Tickets\ticket_backend\venv\Lib\site-packages\django\core\handlers\exception.py", line 55, in inner
    response = get_response(request)
  File "C:\Users\hounk\Desktop\AMZ\Gestion Tickets\ticket_backend\venv\Lib\site-packages\django\core\handlers\base.py", line 198, in _get_response
    response = wrapped_callback(request, *callback_args, **callback_kwargs)
  File "C:\Users\hounk\Desktop\AMZ\Gestion Tickets\ticket_backend\apps\core\views.py", line 63, in register_company
    admin = User.objects.create_user(
        username=admin_email,
    ...<5 lines>...
        company=company  # Lier l'admin à l'entreprise
    )
  File "C:\Users\hounk\Desktop\AMZ\Gestion Tickets\ticket_backend\venv\Lib\site-packages\django\contrib\auth\models.py", line 175, in create_user
    return self._create_user(username, email, password, **extra_fields)
           ~~~~~~~~~~~~~~~~~^^^^^^^^^^^^^^^^^^^^^^^^^^^^^^^^^^^^^^^^^^^
  File "C:\Users\hounk\Desktop\AMZ\Gestion Tickets\ticket_backend\venv\Lib\site-packages\django\contrib\auth\models.py", line 162, in _create_user
    user = self._create_user_object(username, email, password, **extra_fields)
  File "C:\Users\hounk\Desktop\AMZ\Gestion Tickets\ticket_backend\venv\Lib\site-packages\django\contrib\auth\models.py", line 154, in _create_user_object
    user = self.model(username=username, email=email, **extra_fields)
  File "C:\Users\hounk\Desktop\AMZ\Gestion Tickets\ticket_backend\venv\Lib\site-packages\django\db\models\base.py", line 590, in __init__
    raise TypeError(
    ...<2 lines>...
    )
TypeError: User() got unexpected keyword arguments: 'company'
INFO 2026-04-22 07:57:10,552 middleware 8136 25968 500 POST /register-company/ - 98.53ms
ERROR 2026-04-22 07:57:10,553 log 8136 25968 "POST /register-company/ HTTP/1.1" 500 106193
INFO 2026-04-22 07:57:10,998 middleware 8136 25968 404 GET /register-company/logo.png - 10.14ms
WARNING 2026-04-22 07:57:11,000 log 8136 25968 Not Found: /register-company/logo.png
WARNING 2026-04-22 07:57:11,001 log 8136 25968 "GET /register-company/logo.png HTTP/1.1" 404 8464
INFO 2026-04-22 07:58:54,527 autoreload 8136 28600 C:\Users\hounk\Desktop\AMZ\Gestion Tickets\ticket_backend\apps\core\views.py changed, reloading.
INFO 2026-04-22 07:58:57,440 autoreload 27352 19912 Watching for file changes with StatReloader
ERROR 2026-04-22 07:59:06,853 log 27352 25824 Internal Server Error: /register-company/
Traceback (most recent call last):
  File "C:\Users\hounk\Desktop\AMZ\Gestion Tickets\ticket_backend\venv\Lib\site-packages\django\db\backends\utils.py", line 105, in _execute
    return self.cursor.execute(sql, params)
           ~~~~~~~~~~~~~~~~~~~^^^^^^^^^^^^^
  File "C:\Users\hounk\Desktop\AMZ\Gestion Tickets\ticket_backend\venv\Lib\site-packages\django\db\backends\sqlite3\base.py", line 359, in execute
    return super().execute(query, params)
           ~~~~~~~~~~~~~~~^^^^^^^^^^^^^^^
sqlite3.IntegrityError: UNIQUE constraint failed: companies_company.email

The above exception was the direct cause of the following exception:

Traceback (most recent call last):
  File "C:\Users\hounk\Desktop\AMZ\Gestion Tickets\ticket_backend\venv\Lib\site-packages\django\core\handlers\exception.py", line 55, in inner
    response = get_response(request)
  File "C:\Users\hounk\Desktop\AMZ\Gestion Tickets\ticket_backend\venv\Lib\site-packages\django\core\handlers\base.py", line 198, in _get_response
    response = wrapped_callback(request, *callback_args, **callback_kwargs)
  File "C:\Users\hounk\Desktop\AMZ\Gestion Tickets\ticket_backend\apps\core\views.py", line 45, in register_company
    company = Company.objects.create(
        name=company_name,
    ...<10 lines>...
        is_active=True
    )
  File "C:\Users\hounk\Desktop\AMZ\Gestion Tickets\ticket_backend\venv\Lib\site-packages\django\db\models\manager.py", line 87, in manager_method
    return getattr(self.get_queryset(), name)(*args, **kwargs)
           ~~~~~~~~~~~~~~~~~~~~~~~~~~~~~~~~~~^^^^^^^^^^^^^^^^^
  File "C:\Users\hounk\Desktop\AMZ\Gestion Tickets\ticket_backend\venv\Lib\site-packages\django\db\models\query.py", line 669, in create
    obj.save(force_insert=True, using=self.db)
    ~~~~~~~~^^^^^^^^^^^^^^^^^^^^^^^^^^^^^^^^^^
  File "C:\Users\hounk\Desktop\AMZ\Gestion Tickets\ticket_backend\venv\Lib\site-packages\django\db\models\base.py", line 874, in save
    self.save_base(
    ~~~~~~~~~~~~~~^
        using=using,
        ^^^^^^^^^^^^
    ...<2 lines>...
        update_fields=update_fields,
        ^^^^^^^^^^^^^^^^^^^^^^^^^^^^
    )
    ^
  File "C:\Users\hounk\Desktop\AMZ\Gestion Tickets\ticket_backend\venv\Lib\site-packages\django\db\models\base.py", line 966, in save_base
    updated = self._save_table(
        raw,
    ...<4 lines>...
        update_fields,
    )
  File "C:\Users\hounk\Desktop\AMZ\Gestion Tickets\ticket_backend\venv\Lib\site-packages\django\db\models\base.py", line 1169, in _save_table
    results = self._do_insert(
        cls._base_manager, using, insert_fields, returning_fields, raw
    )
  File "C:\Users\hounk\Desktop\AMZ\Gestion Tickets\ticket_backend\venv\Lib\site-packages\django\db\models\base.py", line 1220, in _do_insert
    return manager._insert(
           ~~~~~~~~~~~~~~~^
        [self],
        ^^^^^^^
    ...<3 lines>...
        raw=raw,
        ^^^^^^^^
    )
    ^
  File "C:\Users\hounk\Desktop\AMZ\Gestion Tickets\ticket_backend\venv\Lib\site-packages\django\db\models\manager.py", line 87, in manager_method
    return getattr(self.get_queryset(), name)(*args, **kwargs)
           ~~~~~~~~~~~~~~~~~~~~~~~~~~~~~~~~~~^^^^^^^^^^^^^^^^^
  File "C:\Users\hounk\Desktop\AMZ\Gestion Tickets\ticket_backend\venv\Lib\site-packages\django\db\models\query.py", line 1918, in _insert
    return query.get_compiler(using=using).execute_sql(returning_fields)
           ~~~~~~~~~~~~~~~~~~~~~~~~~~~~~~~~~~~~~~~~~~~^^^^^^^^^^^^^^^^^^
  File "C:\Users\hounk\Desktop\AMZ\Gestion Tickets\ticket_backend\venv\Lib\site-packages\django\db\models\sql\compiler.py", line 1925, in execute_sql
    cursor.execute(sql, params)
    ~~~~~~~~~~~~~~^^^^^^^^^^^^^
  File "C:\Users\hounk\Desktop\AMZ\Gestion Tickets\ticket_backend\venv\Lib\site-packages\django\db\backends\utils.py", line 122, in execute
    return super().execute(sql, params)
           ~~~~~~~~~~~~~~~^^^^^^^^^^^^^
  File "C:\Users\hounk\Desktop\AMZ\Gestion Tickets\ticket_backend\venv\Lib\site-packages\django\db\backends\utils.py", line 79, in execute
    return self._execute_with_wrappers(
           ~~~~~~~~~~~~~~~~~~~~~~~~~~~^
        sql, params, many=False, executor=self._execute
        ^^^^^^^^^^^^^^^^^^^^^^^^^^^^^^^^^^^^^^^^^^^^^^^
    )
    ^
  File "C:\Users\hounk\Desktop\AMZ\Gestion Tickets\ticket_backend\venv\Lib\site-packages\django\db\backends\utils.py", line 92, in _execute_with_wrappers
    return executor(sql, params, many, context)
  File "C:\Users\hounk\Desktop\AMZ\Gestion Tickets\ticket_backend\venv\Lib\site-packages\django\db\backends\utils.py", line 100, in _execute
    with self.db.wrap_database_errors:
         ^^^^^^^^^^^^^^^^^^^^^^^^^^^^
  File "C:\Users\hounk\Desktop\AMZ\Gestion Tickets\ticket_backend\venv\Lib\site-packages\django\db\utils.py", line 94, in __exit__
    raise dj_exc_value.with_traceback(traceback) from exc_value
  File "C:\Users\hounk\Desktop\AMZ\Gestion Tickets\ticket_backend\venv\Lib\site-packages\django\db\backends\utils.py", line 105, in _execute
    return self.cursor.execute(sql, params)
           ~~~~~~~~~~~~~~~~~~~^^^^^^^^^^^^^
  File "C:\Users\hounk\Desktop\AMZ\Gestion Tickets\ticket_backend\venv\Lib\site-packages\django\db\backends\sqlite3\base.py", line 359, in execute
    return super().execute(query, params)
           ~~~~~~~~~~~~~~~^^^^^^^^^^^^^^^
django.db.utils.IntegrityError: UNIQUE constraint failed: companies_company.email
INFO 2026-04-22 07:59:06,872 middleware 27352 25824 500 POST /register-company/ - 333.79ms
ERROR 2026-04-22 07:59:06,873 log 27352 25824 "POST /register-company/ HTTP/1.1" 500 183713
INFO 2026-04-22 07:59:07,419 middleware 27352 25824 404 GET /register-company/logo.png - 9.26ms
WARNING 2026-04-22 07:59:07,421 log 27352 25824 Not Found: /register-company/logo.png
WARNING 2026-04-22 07:59:07,422 log 27352 25824 "GET /register-company/logo.png HTTP/1.1" 404 8464
ERROR 2026-04-22 08:00:23,783 log 27352 28260 Internal Server Error: /register-company/
Traceback (most recent call last):
  File "C:\Users\hounk\Desktop\AMZ\Gestion Tickets\ticket_backend\venv\Lib\site-packages\django\db\backends\utils.py", line 105, in _execute
    return self.cursor.execute(sql, params)
           ~~~~~~~~~~~~~~~~~~~^^^^^^^^^^^^^
  File "C:\Users\hounk\Desktop\AMZ\Gestion Tickets\ticket_backend\venv\Lib\site-packages\django\db\backends\sqlite3\base.py", line 359, in execute
    return super().execute(query, params)
           ~~~~~~~~~~~~~~~^^^^^^^^^^^^^^^
sqlite3.IntegrityError: UNIQUE constraint failed: companies_company.email

The above exception was the direct cause of the following exception:

Traceback (most recent call last):
  File "C:\Users\hounk\Desktop\AMZ\Gestion Tickets\ticket_backend\venv\Lib\site-packages\django\core\handlers\exception.py", line 55, in inner
    response = get_response(request)
  File "C:\Users\hounk\Desktop\AMZ\Gestion Tickets\ticket_backend\venv\Lib\site-packages\django\core\handlers\base.py", line 198, in _get_response
    response = wrapped_callback(request, *callback_args, **callback_kwargs)
  File "C:\Users\hounk\Desktop\AMZ\Gestion Tickets\ticket_backend\apps\core\views.py", line 45, in register_company
    company = Company.objects.create(
        name=company_name,
    ...<10 lines>...
        is_active=True
    )
  File "C:\Users\hounk\Desktop\AMZ\Gestion Tickets\ticket_backend\venv\Lib\site-packages\django\db\models\manager.py", line 87, in manager_method
    return getattr(self.get_queryset(), name)(*args, **kwargs)
           ~~~~~~~~~~~~~~~~~~~~~~~~~~~~~~~~~~^^^^^^^^^^^^^^^^^
  File "C:\Users\hounk\Desktop\AMZ\Gestion Tickets\ticket_backend\venv\Lib\site-packages\django\db\models\query.py", line 669, in create
    obj.save(force_insert=True, using=self.db)
    ~~~~~~~~^^^^^^^^^^^^^^^^^^^^^^^^^^^^^^^^^^
  File "C:\Users\hounk\Desktop\AMZ\Gestion Tickets\ticket_backend\venv\Lib\site-packages\django\db\models\base.py", line 874, in save
    self.save_base(
    ~~~~~~~~~~~~~~^
        using=using,
        ^^^^^^^^^^^^
    ...<2 lines>...
        update_fields=update_fields,
        ^^^^^^^^^^^^^^^^^^^^^^^^^^^^
    )
    ^
  File "C:\Users\hounk\Desktop\AMZ\Gestion Tickets\ticket_backend\venv\Lib\site-packages\django\db\models\base.py", line 966, in save_base
    updated = self._save_table(
        raw,
    ...<4 lines>...
        update_fields,
    )
  File "C:\Users\hounk\Desktop\AMZ\Gestion Tickets\ticket_backend\venv\Lib\site-packages\django\db\models\base.py", line 1169, in _save_table
    results = self._do_insert(
        cls._base_manager, using, insert_fields, returning_fields, raw
    )
  File "C:\Users\hounk\Desktop\AMZ\Gestion Tickets\ticket_backend\venv\Lib\site-packages\django\db\models\base.py", line 1220, in _do_insert
    return manager._insert(
           ~~~~~~~~~~~~~~~^
        [self],
        ^^^^^^^
    ...<3 lines>...
        raw=raw,
        ^^^^^^^^
    )
    ^
  File "C:\Users\hounk\Desktop\AMZ\Gestion Tickets\ticket_backend\venv\Lib\site-packages\django\db\models\manager.py", line 87, in manager_method
    return getattr(self.get_queryset(), name)(*args, **kwargs)
           ~~~~~~~~~~~~~~~~~~~~~~~~~~~~~~~~~~^^^^^^^^^^^^^^^^^
  File "C:\Users\hounk\Desktop\AMZ\Gestion Tickets\ticket_backend\venv\Lib\site-packages\django\db\models\query.py", line 1918, in _insert
    return query.get_compiler(using=using).execute_sql(returning_fields)
           ~~~~~~~~~~~~~~~~~~~~~~~~~~~~~~~~~~~~~~~~~~~^^^^^^^^^^^^^^^^^^
  File "C:\Users\hounk\Desktop\AMZ\Gestion Tickets\ticket_backend\venv\Lib\site-packages\django\db\models\sql\compiler.py", line 1925, in execute_sql
    cursor.execute(sql, params)
    ~~~~~~~~~~~~~~^^^^^^^^^^^^^
  File "C:\Users\hounk\Desktop\AMZ\Gestion Tickets\ticket_backend\venv\Lib\site-packages\django\db\backends\utils.py", line 122, in execute
    return super().execute(sql, params)
           ~~~~~~~~~~~~~~~^^^^^^^^^^^^^
  File "C:\Users\hounk\Desktop\AMZ\Gestion Tickets\ticket_backend\venv\Lib\site-packages\django\db\backends\utils.py", line 79, in execute
    return self._execute_with_wrappers(
           ~~~~~~~~~~~~~~~~~~~~~~~~~~~^
        sql, params, many=False, executor=self._execute
        ^^^^^^^^^^^^^^^^^^^^^^^^^^^^^^^^^^^^^^^^^^^^^^^
    )
    ^
  File "C:\Users\hounk\Desktop\AMZ\Gestion Tickets\ticket_backend\venv\Lib\site-packages\django\db\backends\utils.py", line 92, in _execute_with_wrappers
    return executor(sql, params, many, context)
  File "C:\Users\hounk\Desktop\AMZ\Gestion Tickets\ticket_backend\venv\Lib\site-packages\django\db\backends\utils.py", line 100, in _execute
    with self.db.wrap_database_errors:
         ^^^^^^^^^^^^^^^^^^^^^^^^^^^^
  File "C:\Users\hounk\Desktop\AMZ\Gestion Tickets\ticket_backend\venv\Lib\site-packages\django\db\utils.py", line 94, in __exit__
    raise dj_exc_value.with_traceback(traceback) from exc_value
  File "C:\Users\hounk\Desktop\AMZ\Gestion Tickets\ticket_backend\venv\Lib\site-packages\django\db\backends\utils.py", line 105, in _execute
    return self.cursor.execute(sql, params)
           ~~~~~~~~~~~~~~~~~~~^^^^^^^^^^^^^
  File "C:\Users\hounk\Desktop\AMZ\Gestion Tickets\ticket_backend\venv\Lib\site-packages\django\db\backends\sqlite3\base.py", line 359, in execute
    return super().execute(query, params)
           ~~~~~~~~~~~~~~~^^^^^^^^^^^^^^^
django.db.utils.IntegrityError: UNIQUE constraint failed: companies_company.email
INFO 2026-04-22 08:00:23,790 middleware 27352 28260 500 POST /register-company/ - 78.20ms
ERROR 2026-04-22 08:00:23,791 log 27352 28260 "POST /register-company/ HTTP/1.1" 500 183766
INFO 2026-04-22 08:00:24,347 middleware 27352 28260 404 GET /register-company/logo.png - 9.63ms
WARNING 2026-04-22 08:00:24,349 log 27352 28260 Not Found: /register-company/logo.png
WARNING 2026-04-22 08:00:24,350 log 27352 28260 "GET /register-company/logo.png HTTP/1.1" 404 8464
ERROR 2026-04-22 08:00:25,343 log 27352 25824 Internal Server Error: /register-company/
Traceback (most recent call last):
  File "C:\Users\hounk\Desktop\AMZ\Gestion Tickets\ticket_backend\venv\Lib\site-packages\django\db\backends\utils.py", line 105, in _execute
    return self.cursor.execute(sql, params)
           ~~~~~~~~~~~~~~~~~~~^^^^^^^^^^^^^
  File "C:\Users\hounk\Desktop\AMZ\Gestion Tickets\ticket_backend\venv\Lib\site-packages\django\db\backends\sqlite3\base.py", line 359, in execute
    return super().execute(query, params)
           ~~~~~~~~~~~~~~~^^^^^^^^^^^^^^^
sqlite3.IntegrityError: NOT NULL constraint failed: accounts_user.company_name

The above exception was the direct cause of the following exception:

Traceback (most recent call last):
  File "C:\Users\hounk\Desktop\AMZ\Gestion Tickets\ticket_backend\venv\Lib\site-packages\django\core\handlers\exception.py", line 55, in inner
    response = get_response(request)
  File "C:\Users\hounk\Desktop\AMZ\Gestion Tickets\ticket_backend\venv\Lib\site-packages\django\core\handlers\base.py", line 198, in _get_response
    response = wrapped_callback(request, *callback_args, **callback_kwargs)
  File "C:\Users\hounk\Desktop\AMZ\Gestion Tickets\ticket_backend\apps\core\views.py", line 61, in register_company
    admin = User.objects.create_user(
        username=admin_email,
    ...<4 lines>...
        role='admin'
    )
  File "C:\Users\hounk\Desktop\AMZ\Gestion Tickets\ticket_backend\venv\Lib\site-packages\django\contrib\auth\models.py", line 175, in create_user
    return self._create_user(username, email, password, **extra_fields)
           ~~~~~~~~~~~~~~~~~^^^^^^^^^^^^^^^^^^^^^^^^^^^^^^^^^^^^^^^^^^^
  File "C:\Users\hounk\Desktop\AMZ\Gestion Tickets\ticket_backend\venv\Lib\site-packages\django\contrib\auth\models.py", line 163, in _create_user
    user.save(using=self._db)
    ~~~~~~~~~^^^^^^^^^^^^^^^^
  File "C:\Users\hounk\Desktop\AMZ\Gestion Tickets\ticket_backend\venv\Lib\site-packages\django\contrib\auth\base_user.py", line 62, in save
    super().save(**kwargs)
    ~~~~~~~~~~~~^^^^^^^^^^
  File "C:\Users\hounk\Desktop\AMZ\Gestion Tickets\ticket_backend\venv\Lib\site-packages\django\db\models\base.py", line 874, in save
    self.save_base(
    ~~~~~~~~~~~~~~^
        using=using,
        ^^^^^^^^^^^^
    ...<2 lines>...
        update_fields=update_fields,
        ^^^^^^^^^^^^^^^^^^^^^^^^^^^^
    )
    ^
  File "C:\Users\hounk\Desktop\AMZ\Gestion Tickets\ticket_backend\venv\Lib\site-packages\django\db\models\base.py", line 966, in save_base
    updated = self._save_table(
        raw,
    ...<4 lines>...
        update_fields,
    )
  File "C:\Users\hounk\Desktop\AMZ\Gestion Tickets\ticket_backend\venv\Lib\site-packages\django\db\models\base.py", line 1169, in _save_table
    results = self._do_insert(
        cls._base_manager, using, insert_fields, returning_fields, raw
    )
  File "C:\Users\hounk\Desktop\AMZ\Gestion Tickets\ticket_backend\venv\Lib\site-packages\django\db\models\base.py", line 1220, in _do_insert
    return manager._insert(
           ~~~~~~~~~~~~~~~^
        [self],
        ^^^^^^^
    ...<3 lines>...
        raw=raw,
        ^^^^^^^^
    )
    ^
  File "C:\Users\hounk\Desktop\AMZ\Gestion Tickets\ticket_backend\venv\Lib\site-packages\django\db\models\manager.py", line 87, in manager_method
    return getattr(self.get_queryset(), name)(*args, **kwargs)
           ~~~~~~~~~~~~~~~~~~~~~~~~~~~~~~~~~~^^^^^^^^^^^^^^^^^
  File "C:\Users\hounk\Desktop\AMZ\Gestion Tickets\ticket_backend\venv\Lib\site-packages\django\db\models\query.py", line 1918, in _insert
    return query.get_compiler(using=using).execute_sql(returning_fields)
           ~~~~~~~~~~~~~~~~~~~~~~~~~~~~~~~~~~~~~~~~~~~^^^^^^^^^^^^^^^^^^
  File "C:\Users\hounk\Desktop\AMZ\Gestion Tickets\ticket_backend\venv\Lib\site-packages\django\db\models\sql\compiler.py", line 1925, in execute_sql
    cursor.execute(sql, params)
    ~~~~~~~~~~~~~~^^^^^^^^^^^^^
  File "C:\Users\hounk\Desktop\AMZ\Gestion Tickets\ticket_backend\venv\Lib\site-packages\django\db\backends\utils.py", line 122, in execute
    return super().execute(sql, params)
           ~~~~~~~~~~~~~~~^^^^^^^^^^^^^
  File "C:\Users\hounk\Desktop\AMZ\Gestion Tickets\ticket_backend\venv\Lib\site-packages\django\db\backends\utils.py", line 79, in execute
    return self._execute_with_wrappers(
           ~~~~~~~~~~~~~~~~~~~~~~~~~~~^
        sql, params, many=False, executor=self._execute
        ^^^^^^^^^^^^^^^^^^^^^^^^^^^^^^^^^^^^^^^^^^^^^^^
    )
    ^
  File "C:\Users\hounk\Desktop\AMZ\Gestion Tickets\ticket_backend\venv\Lib\site-packages\django\db\backends\utils.py", line 92, in _execute_with_wrappers
    return executor(sql, params, many, context)
  File "C:\Users\hounk\Desktop\AMZ\Gestion Tickets\ticket_backend\venv\Lib\site-packages\django\db\backends\utils.py", line 100, in _execute
    with self.db.wrap_database_errors:
         ^^^^^^^^^^^^^^^^^^^^^^^^^^^^
  File "C:\Users\hounk\Desktop\AMZ\Gestion Tickets\ticket_backend\venv\Lib\site-packages\django\db\utils.py", line 94, in __exit__
    raise dj_exc_value.with_traceback(traceback) from exc_value
  File "C:\Users\hounk\Desktop\AMZ\Gestion Tickets\ticket_backend\venv\Lib\site-packages\django\db\backends\utils.py", line 105, in _execute
    return self.cursor.execute(sql, params)
           ~~~~~~~~~~~~~~~~~~~^^^^^^^^^^^^^
  File "C:\Users\hounk\Desktop\AMZ\Gestion Tickets\ticket_backend\venv\Lib\site-packages\django\db\backends\sqlite3\base.py", line 359, in execute
    return super().execute(query, params)
           ~~~~~~~~~~~~~~~^^^^^^^^^^^^^^^
django.db.utils.IntegrityError: NOT NULL constraint failed: accounts_user.company_name
INFO 2026-04-22 08:00:25,354 middleware 27352 25824 500 POST /register-company/ - 1957.69ms
INFO 2026-04-22 08:00:25,364 basehttp 27352 25824 - Broken pipe from ('127.0.0.1', 59696)
INFO 2026-04-22 08:01:33,669 autoreload 27352 19912 C:\Users\hounk\Desktop\AMZ\Gestion Tickets\ticket_backend\apps\core\views.py changed, reloading.
INFO 2026-04-22 08:01:36,521 autoreload 27724 27488 Watching for file changes with StatReloader
INFO 2026-04-22 08:02:09,099 autoreload 27724 27488 C:\Users\hounk\Desktop\AMZ\Gestion Tickets\ticket_backend\apps\core\views.py changed, reloading.
INFO 2026-04-22 08:02:11,702 autoreload 11452 29116 Watching for file changes with StatReloader
INFO 2026-04-22 08:02:25,413 autoreload 11452 29116 C:\Users\hounk\Desktop\AMZ\Gestion Tickets\ticket_backend\apps\core\views.py changed, reloading.
INFO 2026-04-22 08:02:28,024 autoreload 17016 27420 Watching for file changes with StatReloader
INFO 2026-04-22 08:03:58,184 autoreload 17016 27420 C:\Users\hounk\Desktop\AMZ\Gestion Tickets\ticket_backend\apps\purchases\migrations\__init__.py changed, reloading.
INFO 2026-04-22 08:04:00,972 autoreload 24024 25456 Watching for file changes with StatReloader
INFO 2026-04-22 08:06:16,556 autoreload 24024 25456 C:\Users\hounk\Desktop\AMZ\Gestion Tickets\ticket_backend\apps\validations\migrations\__init__.py changed, reloading.
INFO 2026-04-22 08:06:19,994 autoreload 27948 26480 Watching for file changes with StatReloader
INFO 2026-04-22 08:09:19,952 autoreload 29612 25676 Watching for file changes with StatReloader
INFO 2026-04-22 08:09:32,222 middleware 29612 7524 302 POST /register-company/ - 1153.94ms
INFO 2026-04-22 08:09:32,231 log 29612 7524 "POST /register-company/ HTTP/1.1" 302 0
INFO 2026-04-22 08:09:32,395 middleware 29612 7524 200 GET /login/ - 146.94ms
INFO 2026-04-22 08:09:32,397 log 29612 7524 "GET /login/ HTTP/1.1" 200 6406
INFO 2026-04-22 08:09:33,910 middleware 29612 7524 404 GET /login/logo.png - 12.22ms
WARNING 2026-04-22 08:09:33,912 log 29612 7524 Not Found: /login/logo.png
WARNING 2026-04-22 08:09:33,913 log 29612 7524 "GET /login/logo.png HTTP/1.1" 404 8431
INFO 2026-04-22 08:10:09,406 middleware 29612 7524 200 POST /login/ - 1275.94ms
INFO 2026-04-22 08:10:09,410 log 29612 7524 "POST /login/ HTTP/1.1" 200 6406
INFO 2026-04-22 08:10:09,918 middleware 29612 7524 404 GET /login/logo.png - 9.58ms
WARNING 2026-04-22 08:10:09,919 log 29612 7524 Not Found: /login/logo.png
WARNING 2026-04-22 08:10:09,920 log 29612 7524 "GET /login/logo.png HTTP/1.1" 404 8431
INFO 2026-04-22 08:10:37,853 middleware 29612 7524 302 POST /login/ - 1098.93ms
INFO 2026-04-22 08:10:37,863 log 29612 7524 "POST /login/ HTTP/1.1" 302 0
INFO 2026-04-22 08:10:37,901 middleware 29612 7524 302 GET /admin/dashboard/ - 26.07ms
INFO 2026-04-22 08:10:37,902 log 29612 7524 "GET /admin/dashboard/ HTTP/1.1" 302 0
INFO 2026-04-22 08:10:38,400 middleware 29612 7524 200 GET /admin/login/ - 490.29ms
INFO 2026-04-22 08:10:38,402 log 29612 7524 "GET /admin/login/?next=/admin/dashboard/ HTTP/1.1" 200 4246
INFO 2026-04-22 08:10:38,499 log 29612 7524 "GET /static/admin/css/base.css HTTP/1.1" 304 0
INFO 2026-04-22 08:10:38,513 log 29612 7524 "GET /static/admin/css/dark_mode.css HTTP/1.1" 304 0
INFO 2026-04-22 08:10:38,514 log 29612 28676 "GET /static/admin/css/login.css HTTP/1.1" 304 0
INFO 2026-04-22 08:10:38,522 log 29612 7524 "GET /static/admin/css/nav_sidebar.css HTTP/1.1" 304 0
INFO 2026-04-22 08:10:38,528 log 29612 28676 "GET /static/admin/js/theme.js HTTP/1.1" 304 0
INFO 2026-04-22 08:10:38,531 log 29612 7524 "GET /static/admin/css/responsive.css HTTP/1.1" 304 0
INFO 2026-04-22 08:10:38,648 log 29612 7524 "GET /static/admin/js/nav_sidebar.js HTTP/1.1" 304 0
INFO 2026-04-22 08:10:38,707 log 29612 7524 "GET /static/admin/img/icon-info.svg HTTP/1.1" 200 630
INFO 2026-04-22 08:10:38,711 log 29612 28676 "GET /static/admin/img/icon-no.svg HTTP/1.1" 200 645
INFO 2026-04-22 08:10:38,758 log 29612 7524 "GET /static/admin/img/icon-yes.svg HTTP/1.1" 200 558
INFO 2026-04-22 08:10:38,963 log 29612 27444 "GET /static/admin/js/theme.js HTTP/1.1" 304 0
INFO 2026-04-22 08:10:38,969 log 29612 27444 "GET /static/admin/js/nav_sidebar.js HTTP/1.1" 304 0
INFO 2026-04-22 08:10:38,971 middleware 29612 7524 302 GET /admin/login/logo.png - 10.87ms
INFO 2026-04-22 08:10:38,973 log 29612 7524 "GET /admin/login/logo.png HTTP/1.1" 302 0
INFO 2026-04-22 08:10:39,024 middleware 29612 7524 200 GET /admin/login/ - 22.99ms
INFO 2026-04-22 08:10:39,025 log 29612 7524 "GET /admin/login/?next=/admin/login/logo.png HTTP/1.1" 200 3746
INFO 2026-04-22 08:11:45,999 middleware 29612 7524 200 GET /login/ - 0.71ms
INFO 2026-04-22 08:11:46,001 log 29612 7524 "GET /login/ HTTP/1.1" 200 6406
INFO 2026-04-22 08:11:47,875 middleware 29612 7524 404 GET /login/logo.png - 7.99ms
WARNING 2026-04-22 08:11:47,876 log 29612 7524 Not Found: /login/logo.png
WARNING 2026-04-22 08:11:47,878 log 29612 7524 "GET /login/logo.png HTTP/1.1" 404 8431
INFO 2026-04-22 08:12:19,374 middleware 29612 7524 200 POST /login/ - 1148.22ms
INFO 2026-04-22 08:12:19,376 log 29612 7524 "POST /login/ HTTP/1.1" 200 6406
INFO 2026-04-22 08:12:19,793 middleware 29612 7524 404 GET /login/logo.png - 11.26ms
WARNING 2026-04-22 08:12:19,794 log 29612 7524 Not Found: /login/logo.png
WARNING 2026-04-22 08:12:19,795 log 29612 7524 "GET /login/logo.png HTTP/1.1" 404 8431
INFO 2026-04-22 08:14:15,478 middleware 29612 24896 200 POST /login/ - 1226.27ms
INFO 2026-04-22 08:14:15,480 log 29612 24896 "POST /login/ HTTP/1.1" 200 6406
INFO 2026-04-22 08:14:15,962 middleware 29612 24896 404 GET /login/logo.png - 57.15ms
WARNING 2026-04-22 08:14:15,964 log 29612 24896 Not Found: /login/logo.png
WARNING 2026-04-22 08:14:15,965 log 29612 24896 "GET /login/logo.png HTTP/1.1" 404 8431
INFO 2026-04-22 08:21:56,965 middleware 29612 7212 200 GET /register-company/ - 2.28ms
INFO 2026-04-22 08:21:56,967 log 29612 7212 "GET /register-company/ HTTP/1.1" 200 9129
INFO 2026-04-22 08:21:58,910 middleware 29612 7212 404 GET /register-company/logo.png - 12.81ms
WARNING 2026-04-22 08:21:58,912 log 29612 7212 Not Found: /register-company/logo.png
WARNING 2026-04-22 08:21:58,913 log 29612 7212 "GET /register-company/logo.png HTTP/1.1" 404 8464
INFO 2026-04-22 08:27:24,645 middleware 29612 27508 200 GET /login/ - 0.67ms
INFO 2026-04-22 08:27:24,647 log 29612 27508 "GET /login/ HTTP/1.1" 200 6406
INFO 2026-04-22 08:27:26,362 middleware 29612 27508 404 GET /login/logo.png - 8.59ms
WARNING 2026-04-22 08:27:26,364 log 29612 27508 Not Found: /login/logo.png
WARNING 2026-04-22 08:27:26,364 log 29612 27508 "GET /login/logo.png HTTP/1.1" 404 8431
INFO 2026-04-22 08:27:50,458 middleware 29612 27508 200 POST /login/ - 1096.34ms
INFO 2026-04-22 08:27:50,460 log 29612 27508 "POST /login/ HTTP/1.1" 200 6406
INFO 2026-04-22 08:27:50,925 middleware 29612 27508 404 GET /login/logo.png - 9.18ms
WARNING 2026-04-22 08:27:50,926 log 29612 27508 Not Found: /login/logo.png
WARNING 2026-04-22 08:27:50,927 log 29612 27508 "GET /login/logo.png HTTP/1.1" 404 8431
INFO 2026-04-22 08:33:28,803 middleware 29612 27492 200 POST /login/ - 1094.03ms
INFO 2026-04-22 08:33:28,805 log 29612 27492 "POST /login/ HTTP/1.1" 200 6406
INFO 2026-04-22 08:33:30,242 middleware 29612 27492 404 GET /login/logo.png - 9.88ms
WARNING 2026-04-22 08:33:30,244 log 29612 27492 Not Found: /login/logo.png
WARNING 2026-04-22 08:33:30,245 log 29612 27492 "GET /login/logo.png HTTP/1.1" 404 8431
INFO 2026-04-22 08:33:51,888 autoreload 19828 25956 Watching for file changes with StatReloader
INFO 2026-04-22 08:34:08,886 middleware 19828 24440 200 POST /login/ - 1204.90ms
INFO 2026-04-22 08:34:08,890 basehttp 19828 24440 - Broken pipe from ('127.0.0.1', 61997)
INFO 2026-04-22 08:34:09,970 middleware 19828 23112 200 POST /login/ - 1282.88ms
INFO 2026-04-22 08:34:09,976 log 19828 23112 "POST /login/ HTTP/1.1" 200 6406
INFO 2026-04-22 08:34:10,405 middleware 19828 23112 404 GET /login/logo.png - 11.34ms
WARNING 2026-04-22 08:34:10,406 log 19828 23112 Not Found: /login/logo.png
WARNING 2026-04-22 08:34:10,408 log 19828 23112 "GET /login/logo.png HTTP/1.1" 404 8431
INFO 2026-04-22 08:35:36,679 autoreload 19828 25956 C:\Users\hounk\Desktop\AMZ\Gestion Tickets\ticket_backend\apps\core\views.py changed, reloading.
INFO 2026-04-22 08:35:39,292 autoreload 14816 24884 Watching for file changes with StatReloader
INFO 2026-04-22 08:36:11,154 autoreload 14816 24884 C:\Users\hounk\Desktop\AMZ\Gestion Tickets\ticket_backend\apps\core\views.py changed, reloading.
INFO 2026-04-22 08:36:13,540 autoreload 25424 25364 Watching for file changes with StatReloader
INFO 2026-04-22 08:36:18,156 autoreload 25424 25364 C:\Users\hounk\Desktop\AMZ\Gestion Tickets\ticket_backend\apps\core\views.py changed, reloading.
INFO 2026-04-22 08:36:19,914 autoreload 26332 3572 Watching for file changes with StatReloader
INFO 2026-04-22 08:36:48,191 middleware 26332 27248 200 POST /login/ - 1154.36ms
INFO 2026-04-22 08:36:48,197 log 26332 27248 "POST /login/ HTTP/1.1" 200 6406
INFO 2026-04-22 08:36:48,676 middleware 26332 27248 404 GET /login/logo.png - 27.40ms
WARNING 2026-04-22 08:36:48,677 log 26332 27248 Not Found: /login/logo.png
WARNING 2026-04-22 08:36:48,678 log 26332 27248 "GET /login/logo.png HTTP/1.1" 404 8431
INFO 2026-04-22 08:37:26,596 middleware 26332 27248 404 GET /.well-known/appspecific/com.chrome.devtools.json - 13.19ms
WARNING 2026-04-22 08:37:26,597 log 26332 27248 Not Found: /.well-known/appspecific/com.chrome.devtools.json
WARNING 2026-04-22 08:37:26,598 log 26332 27248 "GET /.well-known/appspecific/com.chrome.devtools.json HTTP/1.1" 404 8533
INFO 2026-04-22 08:38:19,904 middleware 26332 27248 200 POST /login/ - 1189.35ms
INFO 2026-04-22 08:38:19,906 log 26332 27248 "POST /login/ HTTP/1.1" 200 6406
INFO 2026-04-22 08:38:20,090 middleware 26332 27248 404 GET /.well-known/appspecific/com.chrome.devtools.json - 12.27ms
WARNING 2026-04-22 08:38:20,092 log 26332 27248 Not Found: /.well-known/appspecific/com.chrome.devtools.json
WARNING 2026-04-22 08:38:20,093 log 26332 27248 "GET /.well-known/appspecific/com.chrome.devtools.json HTTP/1.1" 404 8533
INFO 2026-04-22 08:38:21,878 middleware 26332 27248 404 GET /login/logo.png - 7.54ms
WARNING 2026-04-22 08:38:21,880 log 26332 27248 Not Found: /login/logo.png
WARNING 2026-04-22 08:38:21,881 log 26332 27248 "GET /login/logo.png HTTP/1.1" 404 8431
INFO 2026-04-22 08:48:32,314 autoreload 26332 3572 C:\Users\hounk\Desktop\AMZ\Gestion Tickets\ticket_backend\apps\core\views.py changed, reloading.
INFO 2026-04-22 08:48:35,980 autoreload 22956 21208 Watching for file changes with StatReloader
INFO 2026-04-22 08:48:43,524 autoreload 22956 21208 C:\Users\hounk\Desktop\AMZ\Gestion Tickets\ticket_backend\apps\core\views.py changed, reloading.
INFO 2026-04-22 08:48:45,578 autoreload 9908 22152 Watching for file changes with StatReloader
INFO 2026-04-22 08:48:54,033 autoreload 9908 22152 C:\Users\hounk\Desktop\AMZ\Gestion Tickets\ticket_backend\apps\core\views.py changed, reloading.
INFO 2026-04-22 08:48:56,164 autoreload 4056 29232 Watching for file changes with StatReloader
INFO 2026-04-22 08:48:59,760 autoreload 4056 29232 C:\Users\hounk\Desktop\AMZ\Gestion Tickets\ticket_backend\apps\core\views.py changed, reloading.
INFO 2026-04-22 08:49:02,060 autoreload 10740 10348 Watching for file changes with StatReloader
INFO 2026-04-22 08:49:07,152 autoreload 10740 10348 C:\Users\hounk\Desktop\AMZ\Gestion Tickets\ticket_backend\apps\core\views.py changed, reloading.
INFO 2026-04-22 08:49:10,220 autoreload 28216 13436 Watching for file changes with StatReloader
INFO 2026-04-22 08:49:14,256 autoreload 28216 13436 C:\Users\hounk\Desktop\AMZ\Gestion Tickets\ticket_backend\apps\core\views.py changed, reloading.
INFO 2026-04-22 08:49:16,585 autoreload 29464 23840 Watching for file changes with StatReloader
INFO 2026-04-22 08:49:24,475 autoreload 29464 23840 C:\Users\hounk\Desktop\AMZ\Gestion Tickets\ticket_backend\apps\core\views.py changed, reloading.
INFO 2026-04-22 08:49:26,626 autoreload 25796 20260 Watching for file changes with StatReloader
INFO 2026-04-22 08:50:16,423 autoreload 25796 20260 C:\Users\hounk\Desktop\AMZ\Gestion Tickets\ticket_backend\apps\core\views.py changed, reloading.
INFO 2026-04-22 08:50:19,228 autoreload 26332 20924 Watching for file changes with StatReloader
INFO 2026-04-22 08:51:53,332 middleware 26332 29016 200 POST /login/ - 1246.12ms
INFO 2026-04-22 08:51:53,338 log 26332 29016 "POST /login/ HTTP/1.1" 200 6406
INFO 2026-04-22 08:51:53,730 middleware 26332 29016 404 GET /.well-known/appspecific/com.chrome.devtools.json - 248.33ms
WARNING 2026-04-22 08:51:53,731 log 26332 29016 Not Found: /.well-known/appspecific/com.chrome.devtools.json
WARNING 2026-04-22 08:51:53,733 log 26332 29016 "GET /.well-known/appspecific/com.chrome.devtools.json HTTP/1.1" 404 8533
INFO 2026-04-22 08:51:55,302 middleware 26332 29016 404 GET /login/logo.png - 11.79ms
WARNING 2026-04-22 08:51:55,303 log 26332 29016 Not Found: /login/logo.png
WARNING 2026-04-22 08:51:55,304 log 26332 29016 "GET /login/logo.png HTTP/1.1" 404 8431
INFO 2026-04-22 08:54:57,543 middleware 26332 29016 302 POST /login/ - 1350.45ms
INFO 2026-04-22 08:54:57,555 log 26332 29016 "POST /login/ HTTP/1.1" 302 0
INFO 2026-04-22 08:54:57,606 middleware 26332 29016 302 GET /admin/dashboard/ - 28.30ms
INFO 2026-04-22 08:54:57,609 log 26332 29016 "GET /admin/dashboard/ HTTP/1.1" 302 0
INFO 2026-04-22 08:54:57,724 middleware 26332 29016 200 GET /admin/login/ - 107.22ms
INFO 2026-04-22 08:54:57,725 log 26332 29016 "GET /admin/login/?next=/admin/dashboard/ HTTP/1.1" 200 4447
INFO 2026-04-22 08:54:57,915 middleware 26332 29016 404 GET /.well-known/appspecific/com.chrome.devtools.json - 16.60ms
WARNING 2026-04-22 08:54:57,918 log 26332 29016 Not Found: /.well-known/appspecific/com.chrome.devtools.json
WARNING 2026-04-22 08:54:57,920 log 26332 29016 "GET /.well-known/appspecific/com.chrome.devtools.json HTTP/1.1" 404 8533
INFO 2026-04-22 08:54:57,968 log 26332 25752 "GET /static/admin/css/dark_mode.css HTTP/1.1" 200 3538
INFO 2026-04-22 08:54:57,997 log 26332 29016 "GET /static/admin/css/base.css HTTP/1.1" 200 23100
INFO 2026-04-22 08:54:58,002 log 26332 25752 "GET /static/admin/css/nav_sidebar.css HTTP/1.1" 200 2810
INFO 2026-04-22 08:54:58,046 log 26332 29016 "GET /static/admin/css/login.css HTTP/1.1" 200 951
INFO 2026-04-22 08:54:58,056 log 26332 25752 "GET /static/admin/css/responsive.css HTTP/1.1" 200 16273
INFO 2026-04-22 08:54:58,246 log 26332 29016 "GET /static/admin/js/theme.js HTTP/1.1" 200 1653
INFO 2026-04-22 08:54:58,640 log 26332 26036 "GET /static/admin/js/theme.js HTTP/1.1" 200 1653
INFO 2026-04-22 08:54:58,741 log 26332 25752 "GET /static/admin/img/icon-no.svg HTTP/1.1" 200 645
INFO 2026-04-22 08:54:58,839 log 26332 29016 "GET /static/admin/js/nav_sidebar.js HTTP/1.1" 200 3063
INFO 2026-04-22 08:54:59,588 log 26332 26036 "GET /static/admin/js/nav_sidebar.js HTTP/1.1" 200 3063
INFO 2026-04-22 08:55:00,263 middleware 26332 29016 302 GET /admin/login/logo.png - 7.49ms
INFO 2026-04-22 08:55:00,265 log 26332 29016 "GET /admin/login/logo.png HTTP/1.1" 302 0
INFO 2026-04-22 08:55:00,302 middleware 26332 29016 200 GET /admin/login/ - 19.62ms
INFO 2026-04-22 08:55:00,304 log 26332 29016 "GET /admin/login/?next=/admin/login/logo.png HTTP/1.1" 200 3746
INFO 2026-04-22 08:59:44,758 autoreload 26332 20924 C:\Users\hounk\Desktop\AMZ\Gestion Tickets\ticket_backend\config\urls.py changed, reloading.
INFO 2026-04-22 08:59:47,238 autoreload 10096 28192 Watching for file changes with StatReloader
INFO 2026-04-22 08:59:59,188 autoreload 10096 28192 C:\Users\hounk\Desktop\AMZ\Gestion Tickets\ticket_backend\config\urls.py changed, reloading.
INFO 2026-04-22 09:00:01,500 autoreload 23564 26156 Watching for file changes with StatReloader
INFO 2026-04-22 09:00:44,374 autoreload 23564 26156 C:\Users\hounk\Desktop\AMZ\Gestion Tickets\ticket_backend\config\urls.py changed, reloading.
INFO 2026-04-22 09:00:46,908 autoreload 25816 27240 Watching for file changes with StatReloader
INFO 2026-04-22 09:01:28,833 autoreload 25816 27240 C:\Users\hounk\Desktop\AMZ\Gestion Tickets\ticket_backend\apps\core\views.py changed, reloading.
INFO 2026-04-22 09:01:31,908 autoreload 2012 27672 Watching for file changes with StatReloader
WARNING 2026-04-22 09:01:44,971 log 2012 27128 Forbidden (CSRF token from POST incorrect.): /login/
INFO 2026-04-22 09:01:44,972 middleware 2012 27128 403 POST /login/ - 315.10ms
WARNING 2026-04-22 09:01:44,973 log 2012 27128 "POST /login/ HTTP/1.1" 403 2526
INFO 2026-04-22 09:01:46,929 middleware 2012 27128 404 GET /login/logo.png - 10.10ms
WARNING 2026-04-22 09:01:46,930 log 2012 27128 Not Found: /login/logo.png
WARNING 2026-04-22 09:01:46,931 log 2012 27128 "GET /login/logo.png HTTP/1.1" 404 8620
INFO 2026-04-22 09:01:55,641 middleware 2012 27128 200 GET /login/ - 15.47ms
INFO 2026-04-22 09:01:55,643 log 2012 27128 "GET /login/ HTTP/1.1" 200 6406
INFO 2026-04-22 09:02:17,155 middleware 2012 27128 302 POST /login/ - 1194.92ms
INFO 2026-04-22 09:02:17,167 log 2012 27128 "POST /login/ HTTP/1.1" 302 0
INFO 2026-04-22 09:02:17,199 middleware 2012 27128 200 GET /dashboard/admin/ - 21.12ms
INFO 2026-04-22 09:02:17,200 log 2012 27128 "GET /dashboard/admin/ HTTP/1.1" 200 1766
INFO 2026-04-22 09:02:17,688 middleware 2012 27128 404 GET /dashboard/admin/logo.png - 8.91ms
WARNING 2026-04-22 09:02:17,689 log 2012 27128 Not Found: /dashboard/admin/logo.png
WARNING 2026-04-22 09:02:17,690 log 2012 27128 "GET /dashboard/admin/logo.png HTTP/1.1" 404 8650
INFO 2026-04-22 09:02:35,280 middleware 2012 27128 200 GET /swagger/ - 147.15ms
INFO 2026-04-22 09:02:35,282 log 2012 27128 "GET /swagger/ HTTP/1.1" 200 1681
INFO 2026-04-22 09:02:35,403 log 2012 20692 "GET /static/drf-yasg/style.css HTTP/1.1" 304 0
INFO 2026-04-22 09:02:35,405 log 2012 27128 "GET /static/drf-yasg/swagger-ui-dist/swagger-ui.css HTTP/1.1" 304 0
INFO 2026-04-22 09:02:35,412 log 2012 20692 "GET /static/drf-yasg/swagger-ui-dist/swagger-ui-bundle.js HTTP/1.1" 304 0
INFO 2026-04-22 09:02:35,413 log 2012 27128 "GET /static/drf-yasg/swagger-ui-init.js HTTP/1.1" 304 0
INFO 2026-04-22 09:02:35,431 log 2012 27128 "GET /static/drf-yasg/immutable.min.js HTTP/1.1" 304 0
INFO 2026-04-22 09:02:35,439 log 2012 20692 "GET /static/drf-yasg/swagger-ui-dist/swagger-ui-standalone-preset.js HTTP/1.1" 304 0
INFO 2026-04-22 09:02:35,446 log 2012 27128 "GET /static/drf-yasg/insQ.min.js HTTP/1.1" 304 0
INFO 2026-04-22 09:02:35,934 log 2012 28676 "GET /static/drf-yasg/immutable.min.js HTTP/1.1" 304 0
INFO 2026-04-22 09:02:35,935 log 2012 7376 "GET /static/drf-yasg/swagger-ui-init.js HTTP/1.1" 304 0
INFO 2026-04-22 09:02:35,942 log 2012 24144 "GET /static/drf-yasg/swagger-ui-dist/swagger-ui-standalone-preset.js HTTP/1.1" 304 0
INFO 2026-04-22 09:02:35,936 log 2012 26884 "GET /static/drf-yasg/swagger-ui-dist/swagger-ui-bundle.js HTTP/1.1" 304 0
INFO 2026-04-22 09:02:35,944 log 2012 780 "GET /static/drf-yasg/insQ.min.js HTTP/1.1" 304 0
INFO 2026-04-22 09:02:36,160 middleware 2012 27128 404 GET /swagger/logo.png - 10.95ms
WARNING 2026-04-22 09:02:36,161 log 2012 27128 Not Found: /swagger/logo.png
WARNING 2026-04-22 09:02:36,162 log 2012 27128 "GET /swagger/logo.png HTTP/1.1" 404 8626
INFO 2026-04-22 09:02:38,100 middleware 2012 27128 200 GET /swagger/ - 1848.70ms
INFO 2026-04-22 09:02:38,102 log 2012 27128 "GET /swagger/?format=openapi HTTP/1.1" 200 298323
INFO 2026-04-22 09:21:13,049 middleware 2012 24880 200 GET / - 2.25ms
INFO 2026-04-22 09:21:13,051 log 2012 24880 "GET / HTTP/1.1" 200 19706
INFO 2026-04-22 09:21:14,074 middleware 2012 24880 404 GET /logo.png - 12.54ms
WARNING 2026-04-22 09:21:14,076 log 2012 24880 Not Found: /logo.png
WARNING 2026-04-22 09:21:14,077 log 2012 24880 "GET /logo.png HTTP/1.1" 404 8602
INFO 2026-04-22 09:22:19,322 middleware 2012 24880 200 GET /login/ - 2.21ms
INFO 2026-04-22 09:22:19,324 log 2012 24880 "GET /login/ HTTP/1.1" 200 6406
INFO 2026-04-22 09:22:20,044 middleware 2012 24880 404 GET /login/logo.png - 12.08ms
WARNING 2026-04-22 09:22:20,045 log 2012 24880 Not Found: /login/logo.png
WARNING 2026-04-22 09:22:20,046 log 2012 24880 "GET /login/logo.png HTTP/1.1" 404 8620
INFO 2026-04-22 09:22:30,679 middleware 2012 24880 200 GET /login/ - 0.48ms
INFO 2026-04-22 09:22:30,681 log 2012 24880 "GET /login/ HTTP/1.1" 200 6406
INFO 2026-04-22 09:22:31,189 middleware 2012 24880 404 GET /login/logo.png - 12.11ms
WARNING 2026-04-22 09:22:31,190 log 2012 24880 Not Found: /login/logo.png
WARNING 2026-04-22 09:22:31,191 log 2012 24880 "GET /login/logo.png HTTP/1.1" 404 8620
INFO 2026-04-22 09:22:35,024 middleware 2012 24880 200 GET /register-company/ - 2.34ms
INFO 2026-04-22 09:22:35,026 log 2012 24880 "GET /register-company/ HTTP/1.1" 200 9129
INFO 2026-04-22 09:22:35,485 middleware 2012 24880 404 GET /register-company/logo.png - 10.92ms
WARNING 2026-04-22 09:22:35,486 log 2012 24880 Not Found: /register-company/logo.png
WARNING 2026-04-22 09:22:35,487 log 2012 24880 "GET /register-company/logo.png HTTP/1.1" 404 8653
INFO 2026-04-22 10:00:55,565 middleware 2012 31116 200 GET / - 2.75ms
INFO 2026-04-22 10:00:55,566 log 2012 31116 "GET / HTTP/1.1" 200 21850
INFO 2026-04-22 10:00:57,217 middleware 2012 31116 404 GET /logo.png - 15.50ms
WARNING 2026-04-22 10:00:57,218 log 2012 31116 Not Found: /logo.png
WARNING 2026-04-22 10:00:57,219 log 2012 31116 "GET /logo.png HTTP/1.1" 404 8602
INFO 2026-04-22 10:02:17,640 middleware 2012 31116 200 GET / - 1.54ms
INFO 2026-04-22 10:02:17,642 log 2012 31116 "GET / HTTP/1.1" 200 21850
INFO 2026-04-22 10:02:18,147 middleware 2012 31116 404 GET /logo.png - 16.68ms
WARNING 2026-04-22 10:02:18,149 log 2012 31116 Not Found: /logo.png
WARNING 2026-04-22 10:02:18,150 log 2012 31116 "GET /logo.png HTTP/1.1" 404 8602
INFO 2026-04-22 10:03:22,022 middleware 2012 31116 200 GET /login/ - 15.38ms
INFO 2026-04-22 10:03:22,025 log 2012 31116 "GET /login/ HTTP/1.1" 200 7244
INFO 2026-04-22 10:03:22,854 middleware 2012 31116 404 GET /login/logo.png - 15.98ms
WARNING 2026-04-22 10:03:22,855 log 2012 31116 Not Found: /login/logo.png
WARNING 2026-04-22 10:03:22,857 log 2012 31116 "GET /login/logo.png HTTP/1.1" 404 8620
INFO 2026-04-22 10:03:39,880 middleware 2012 31116 200 GET /register-company/ - 48.54ms
INFO 2026-04-22 10:03:39,881 log 2012 31116 "GET /register-company/ HTTP/1.1" 200 9129
INFO 2026-04-22 10:03:40,444 middleware 2012 31116 404 GET /register-company/logo.png - 16.99ms
WARNING 2026-04-22 10:03:40,446 log 2012 31116 Not Found: /register-company/logo.png
WARNING 2026-04-22 10:03:40,447 log 2012 31116 "GET /register-company/logo.png HTTP/1.1" 404 8653
INFO 2026-04-22 10:07:43,895 autoreload 2012 27672 C:\Users\hounk\Desktop\AMZ\Gestion Tickets\ticket_backend\apps\core\views.py changed, reloading.
INFO 2026-04-22 10:07:52,113 autoreload 21724 16292 Watching for file changes with StatReloader
INFO 2026-04-22 10:08:04,425 autoreload 21724 16292 C:\Users\hounk\Desktop\AMZ\Gestion Tickets\ticket_backend\apps\core\views.py changed, reloading.
INFO 2026-04-22 10:08:07,116 autoreload 29588 23028 Watching for file changes with StatReloader
INFO 2026-04-22 10:08:11,007 autoreload 29588 23028 C:\Users\hounk\Desktop\AMZ\Gestion Tickets\ticket_backend\apps\core\views.py changed, reloading.
INFO 2026-04-22 10:08:14,352 autoreload 28632 28916 Watching for file changes with StatReloader
INFO 2026-04-22 10:08:25,704 autoreload 28632 28916 C:\Users\hounk\Desktop\AMZ\Gestion Tickets\ticket_backend\apps\core\views.py changed, reloading.
INFO 2026-04-22 10:08:28,236 autoreload 31008 11504 Watching for file changes with StatReloader
INFO 2026-04-22 10:09:10,415 middleware 31008 25108 200 GET /login/ - 21.76ms
INFO 2026-04-22 10:09:10,421 log 31008 25108 "GET /login/ HTTP/1.1" 200 9829
INFO 2026-04-22 10:09:12,283 middleware 31008 25108 404 GET /login/logo.png - 12.64ms
WARNING 2026-04-22 10:09:12,285 log 31008 25108 Not Found: /login/logo.png
WARNING 2026-04-22 10:09:12,287 log 31008 25108 "GET /login/logo.png HTTP/1.1" 404 8620
INFO 2026-04-22 10:09:29,953 middleware 31008 25108 200 GET /login/ - 5.51ms
INFO 2026-04-22 10:09:29,955 log 31008 25108 "GET /login/ HTTP/1.1" 200 9829
INFO 2026-04-22 10:09:30,457 middleware 31008 25108 404 GET /login/logo.png - 12.40ms
WARNING 2026-04-22 10:09:30,458 log 31008 25108 Not Found: /login/logo.png
WARNING 2026-04-22 10:09:30,459 log 31008 25108 "GET /login/logo.png HTTP/1.1" 404 8620
INFO 2026-04-22 10:10:56,040 middleware 31008 25108 200 GET /register-company/ - 2.95ms
INFO 2026-04-22 10:10:56,041 log 31008 25108 "GET /register-company/ HTTP/1.1" 200 9129
INFO 2026-04-22 10:10:56,606 middleware 31008 25108 404 GET /register-company/logo.png - 11.52ms
WARNING 2026-04-22 10:10:56,609 log 31008 25108 Not Found: /register-company/logo.png
WARNING 2026-04-22 10:10:56,611 log 31008 25108 "GET /register-company/logo.png HTTP/1.1" 404 8653
INFO 2026-04-22 10:13:54,333 middleware 31008 12836 200 GET /register-company/ - 0.71ms
INFO 2026-04-22 10:13:54,334 log 31008 12836 "GET /register-company/ HTTP/1.1" 200 9129
INFO 2026-04-22 10:13:54,910 middleware 31008 12836 404 GET /register-company/logo.png - 13.72ms
WARNING 2026-04-22 10:13:54,911 log 31008 12836 Not Found: /register-company/logo.png
WARNING 2026-04-22 10:13:54,913 log 31008 12836 "GET /register-company/logo.png HTTP/1.1" 404 8653
INFO 2026-04-22 10:14:32,945 middleware 31008 12836 200 GET /login/ - 10.27ms
INFO 2026-04-22 10:14:32,948 log 31008 12836 "GET /login/ HTTP/1.1" 200 12377
INFO 2026-04-22 10:14:33,661 middleware 31008 12836 404 GET /login/logo.png - 9.65ms
WARNING 2026-04-22 10:14:33,662 log 31008 12836 Not Found: /login/logo.png
WARNING 2026-04-22 10:14:33,663 log 31008 12836 "GET /login/logo.png HTTP/1.1" 404 8620
INFO 2026-04-22 10:18:01,277 middleware 31008 12836 200 GET /login/ - 7.45ms
INFO 2026-04-22 10:18:01,279 log 31008 12836 "GET /login/ HTTP/1.1" 200 13540
INFO 2026-04-22 10:18:03,133 middleware 31008 12836 404 GET /login/logo.png - 11.49ms
WARNING 2026-04-22 10:18:03,134 log 31008 12836 Not Found: /login/logo.png
WARNING 2026-04-22 10:18:03,136 log 31008 12836 "GET /login/logo.png HTTP/1.1" 404 8620
INFO 2026-04-22 10:18:18,234 middleware 31008 12836 200 GET /login/ - 7.04ms
INFO 2026-04-22 10:18:18,236 log 31008 12836 "GET /login/ HTTP/1.1" 200 13540
INFO 2026-04-22 10:18:18,733 middleware 31008 12836 404 GET /login/logo.png - 12.37ms
WARNING 2026-04-22 10:18:18,734 log 31008 12836 Not Found: /login/logo.png
WARNING 2026-04-22 10:18:18,736 log 31008 12836 "GET /login/logo.png HTTP/1.1" 404 8620
INFO 2026-04-22 10:18:34,719 middleware 31008 12836 200 GET /login/ - 5.00ms
INFO 2026-04-22 10:18:34,721 log 31008 12836 "GET /login/ HTTP/1.1" 200 13540
INFO 2026-04-22 10:18:35,218 middleware 31008 12836 404 GET /login/logo.png - 9.76ms
WARNING 2026-04-22 10:18:35,219 log 31008 12836 Not Found: /login/logo.png
WARNING 2026-04-22 10:18:35,220 log 31008 12836 "GET /login/logo.png HTTP/1.1" 404 8620
INFO 2026-04-22 10:25:55,363 middleware 31008 25192 200 GET / - 1.09ms
INFO 2026-04-22 10:25:55,365 log 31008 25192 "GET / HTTP/1.1" 200 21629
INFO 2026-04-22 10:25:55,837 middleware 31008 25192 404 GET /logo.png - 11.35ms
WARNING 2026-04-22 10:25:55,838 log 31008 25192 Not Found: /logo.png
WARNING 2026-04-22 10:25:55,840 log 31008 25192 "GET /logo.png HTTP/1.1" 404 8602
INFO 2026-04-22 10:27:28,732 middleware 31008 25192 200 GET /login/ - 7.39ms
INFO 2026-04-22 10:27:28,734 log 31008 25192 "GET /login/ HTTP/1.1" 200 13540
INFO 2026-04-22 10:27:29,360 middleware 31008 25192 404 GET /login/logo.png - 12.76ms
WARNING 2026-04-22 10:27:29,362 log 31008 25192 Not Found: /login/logo.png
WARNING 2026-04-22 10:27:29,365 log 31008 25192 "GET /login/logo.png HTTP/1.1" 404 8620
INFO 2026-04-22 10:28:04,797 middleware 31008 25192 200 GET /login/ - 4.37ms
INFO 2026-04-22 10:28:04,799 log 31008 25192 "GET /login/ HTTP/1.1" 200 13540
INFO 2026-04-22 10:28:05,465 middleware 31008 25192 404 GET /login/logo.png - 34.19ms
WARNING 2026-04-22 10:28:05,467 log 31008 25192 Not Found: /login/logo.png
WARNING 2026-04-22 10:28:05,468 log 31008 25192 "GET /login/logo.png HTTP/1.1" 404 8620
INFO 2026-04-22 10:30:59,396 middleware 31008 25192 200 GET / - 1.91ms
INFO 2026-04-22 10:30:59,398 log 31008 25192 "GET / HTTP/1.1" 200 15833
INFO 2026-04-22 10:30:59,941 middleware 31008 25192 404 GET /logo.png - 33.43ms
WARNING 2026-04-22 10:30:59,963 log 31008 25192 Not Found: /logo.png
WARNING 2026-04-22 10:30:59,996 log 31008 25192 "GET /logo.png HTTP/1.1" 404 8602
INFO 2026-04-22 10:31:19,358 middleware 31008 25192 200 GET /login/ - 4.40ms
INFO 2026-04-22 10:31:19,359 log 31008 25192 "GET /login/ HTTP/1.1" 200 9647
INFO 2026-04-22 10:31:19,825 middleware 31008 25192 404 GET /login/logo.png - 13.14ms
WARNING 2026-04-22 10:31:19,826 log 31008 25192 Not Found: /login/logo.png
WARNING 2026-04-22 10:31:19,827 log 31008 25192 "GET /login/logo.png HTTP/1.1" 404 8620
INFO 2026-04-22 10:31:33,326 middleware 31008 25192 200 GET / - 0.32ms
INFO 2026-04-22 10:31:33,327 log 31008 25192 "GET / HTTP/1.1" 200 15833
INFO 2026-04-22 10:31:33,898 middleware 31008 25192 404 GET /logo.png - 22.53ms
WARNING 2026-04-22 10:31:33,900 log 31008 25192 Not Found: /logo.png
WARNING 2026-04-22 10:31:33,901 log 31008 25192 "GET /logo.png HTTP/1.1" 404 8602
INFO 2026-04-22 10:33:11,100 middleware 31008 25192 200 GET /login/ - 4.03ms
INFO 2026-04-22 10:33:11,102 log 31008 25192 "GET /login/ HTTP/1.1" 200 9647
INFO 2026-04-22 10:33:11,661 middleware 31008 25192 404 GET /login/logo.png - 19.17ms
WARNING 2026-04-22 10:33:11,663 log 31008 25192 Not Found: /login/logo.png
WARNING 2026-04-22 10:33:11,663 log 31008 25192 "GET /login/logo.png HTTP/1.1" 404 8620
INFO 2026-04-22 10:37:23,122 middleware 31008 25192 200 GET / - 1.64ms
INFO 2026-04-22 10:37:23,125 log 31008 25192 "GET / HTTP/1.1" 200 29528
INFO 2026-04-22 10:37:25,375 middleware 31008 25192 404 GET /logo.png - 11.53ms
WARNING 2026-04-22 10:37:25,378 log 31008 25192 Not Found: /logo.png
WARNING 2026-04-22 10:37:25,379 log 31008 25192 "GET /logo.png HTTP/1.1" 404 8602
INFO 2026-04-22 10:37:56,498 middleware 31008 25192 200 GET /login/ - 8.45ms
INFO 2026-04-22 10:37:56,501 log 31008 25192 "GET /login/ HTTP/1.1" 200 9647
INFO 2026-04-22 10:37:57,129 middleware 31008 25192 404 GET /login/logo.png - 10.62ms
WARNING 2026-04-22 10:37:57,130 log 31008 25192 Not Found: /login/logo.png
WARNING 2026-04-22 10:37:57,131 log 31008 25192 "GET /login/logo.png HTTP/1.1" 404 8620
INFO 2026-04-22 10:38:01,300 middleware 31008 25192 200 GET / - 0.26ms
INFO 2026-04-22 10:38:01,301 log 31008 25192 "GET / HTTP/1.1" 200 29528
INFO 2026-04-22 10:38:01,828 middleware 31008 25192 404 GET /logo.png - 10.42ms
WARNING 2026-04-22 10:38:01,829 log 31008 25192 Not Found: /logo.png
WARNING 2026-04-22 10:38:01,830 log 31008 25192 "GET /logo.png HTTP/1.1" 404 8602
INFO 2026-04-22 10:38:35,128 middleware 31008 25192 200 GET /login/ - 9.40ms
INFO 2026-04-22 10:38:35,130 log 31008 25192 "GET /login/ HTTP/1.1" 200 13727
INFO 2026-04-22 10:38:35,893 middleware 31008 25192 404 GET /login/logo.png - 15.31ms
WARNING 2026-04-22 10:38:35,894 log 31008 25192 Not Found: /login/logo.png
WARNING 2026-04-22 10:38:35,895 log 31008 25192 "GET /login/logo.png HTTP/1.1" 404 8620
INFO 2026-04-22 10:38:48,559 middleware 31008 25192 200 GET / - 1.00ms
INFO 2026-04-22 10:38:48,560 log 31008 25192 "GET / HTTP/1.1" 200 29528
INFO 2026-04-22 10:38:49,298 middleware 31008 25192 404 GET /logo.png - 14.22ms
WARNING 2026-04-22 10:38:49,299 log 31008 25192 Not Found: /logo.png
WARNING 2026-04-22 10:38:49,300 log 31008 25192 "GET /logo.png HTTP/1.1" 404 8602
INFO 2026-04-22 10:44:31,349 middleware 31008 20608 200 GET / - 1.21ms
INFO 2026-04-22 10:44:31,350 log 31008 20608 "GET / HTTP/1.1" 200 19595
INFO 2026-04-22 10:44:33,254 middleware 31008 20608 404 GET /logo.png - 9.08ms
WARNING 2026-04-22 10:44:33,255 log 31008 20608 Not Found: /logo.png
WARNING 2026-04-22 10:44:33,256 log 31008 20608 "GET /logo.png HTTP/1.1" 404 8602
INFO 2026-04-22 10:45:03,854 middleware 31008 20608 200 GET /login/ - 5.47ms
INFO 2026-04-22 10:45:03,856 log 31008 20608 "GET /login/ HTTP/1.1" 200 13727
INFO 2026-04-22 10:45:04,507 middleware 31008 20608 404 GET /login/logo.png - 9.10ms
WARNING 2026-04-22 10:45:04,508 log 31008 20608 Not Found: /login/logo.png
WARNING 2026-04-22 10:45:04,509 log 31008 20608 "GET /login/logo.png HTTP/1.1" 404 8620
INFO 2026-04-22 10:45:31,903 middleware 31008 20608 200 GET /login/ - 7.56ms
INFO 2026-04-22 10:45:31,905 log 31008 20608 "GET /login/ HTTP/1.1" 200 13123
INFO 2026-04-22 10:45:32,382 middleware 31008 20608 404 GET /login/logo.png - 28.27ms
WARNING 2026-04-22 10:45:32,396 log 31008 20608 Not Found: /login/logo.png
WARNING 2026-04-22 10:45:32,420 log 31008 20608 "GET /login/logo.png HTTP/1.1" 404 8620
INFO 2026-04-22 10:45:48,374 middleware 31008 20608 200 GET / - 1.50ms
INFO 2026-04-22 10:45:48,375 log 31008 20608 "GET / HTTP/1.1" 200 19595
INFO 2026-04-22 10:45:49,076 middleware 31008 20608 404 GET /logo.png - 11.01ms
WARNING 2026-04-22 10:45:49,077 log 31008 20608 Not Found: /logo.png
WARNING 2026-04-22 10:45:49,077 log 31008 20608 "GET /logo.png HTTP/1.1" 404 8602
INFO 2026-04-22 10:46:30,607 middleware 31008 20608 200 GET /login/ - 5.07ms
INFO 2026-04-22 10:46:30,609 log 31008 20608 "GET /login/ HTTP/1.1" 200 13123
INFO 2026-04-22 10:46:31,226 middleware 31008 20608 404 GET /login/logo.png - 10.37ms
WARNING 2026-04-22 10:46:31,228 log 31008 20608 Not Found: /login/logo.png
WARNING 2026-04-22 10:46:31,230 log 31008 20608 "GET /login/logo.png HTTP/1.1" 404 8620
INFO 2026-04-22 10:46:35,880 middleware 31008 20608 200 GET /login/ - 10.38ms
INFO 2026-04-22 10:46:35,882 log 31008 20608 "GET /login/ HTTP/1.1" 200 9647
INFO 2026-04-22 10:46:36,328 middleware 31008 20608 404 GET /login/logo.png - 10.18ms
WARNING 2026-04-22 10:46:36,329 log 31008 20608 Not Found: /login/logo.png
WARNING 2026-04-22 10:46:36,330 log 31008 20608 "GET /login/logo.png HTTP/1.1" 404 8620
INFO 2026-04-22 10:46:43,979 middleware 31008 20608 200 GET /login/ - 8.04ms
INFO 2026-04-22 10:46:43,981 log 31008 20608 "GET /login/ HTTP/1.1" 200 13540
INFO 2026-04-22 10:46:44,394 middleware 31008 20608 404 GET /login/logo.png - 7.61ms
WARNING 2026-04-22 10:46:44,395 log 31008 20608 Not Found: /login/logo.png
WARNING 2026-04-22 10:46:44,396 log 31008 20608 "GET /login/logo.png HTTP/1.1" 404 8620
INFO 2026-04-22 10:46:50,579 middleware 31008 20608 200 GET /login/ - 4.60ms
INFO 2026-04-22 10:46:50,581 log 31008 20608 "GET /login/ HTTP/1.1" 200 13540
INFO 2026-04-22 10:46:51,064 middleware 31008 20608 404 GET /login/logo.png - 47.50ms
WARNING 2026-04-22 10:46:51,083 log 31008 20608 Not Found: /login/logo.png
WARNING 2026-04-22 10:46:51,085 log 31008 20608 "GET /login/logo.png HTTP/1.1" 404 8620
INFO 2026-04-22 10:46:53,854 middleware 31008 20608 200 GET /login/ - 9.18ms
INFO 2026-04-22 10:46:53,856 log 31008 20608 "GET /login/ HTTP/1.1" 200 12377
INFO 2026-04-22 10:46:54,289 middleware 31008 20608 404 GET /login/logo.png - 10.90ms
WARNING 2026-04-22 10:46:54,290 log 31008 20608 Not Found: /login/logo.png
WARNING 2026-04-22 10:46:54,291 log 31008 20608 "GET /login/logo.png HTTP/1.1" 404 8620
INFO 2026-04-22 10:47:03,646 middleware 31008 20608 200 GET /login/ - 30.62ms
INFO 2026-04-22 10:47:03,650 log 31008 20608 "GET /login/ HTTP/1.1" 200 9829
INFO 2026-04-22 10:47:04,151 middleware 31008 20608 404 GET /login/logo.png - 8.12ms
WARNING 2026-04-22 10:47:04,152 log 31008 20608 Not Found: /login/logo.png
WARNING 2026-04-22 10:47:04,152 log 31008 20608 "GET /login/logo.png HTTP/1.1" 404 8620
INFO 2026-04-22 10:47:28,442 middleware 31008 20608 200 GET / - 1.22ms
INFO 2026-04-22 10:47:28,444 log 31008 20608 "GET / HTTP/1.1" 200 29528
INFO 2026-04-22 10:47:29,019 middleware 31008 20608 404 GET /logo.png - 96.19ms
WARNING 2026-04-22 10:47:29,053 log 31008 20608 Not Found: /logo.png
WARNING 2026-04-22 10:47:29,062 log 31008 20608 "GET /logo.png HTTP/1.1" 404 8602
INFO 2026-04-22 10:47:31,724 middleware 31008 20608 200 GET / - 0.48ms
INFO 2026-04-22 10:47:31,726 log 31008 20608 "GET / HTTP/1.1" 200 29528
INFO 2026-04-22 10:47:32,377 middleware 31008 20608 404 GET /logo.png - 13.10ms
WARNING 2026-04-22 10:47:32,378 log 31008 20608 Not Found: /logo.png
WARNING 2026-04-22 10:47:32,379 log 31008 20608 "GET /logo.png HTTP/1.1" 404 8602
INFO 2026-04-22 10:47:34,560 middleware 31008 20608 200 GET / - 1.91ms
INFO 2026-04-22 10:47:34,563 log 31008 20608 "GET / HTTP/1.1" 200 15833
INFO 2026-04-22 10:47:35,075 middleware 31008 20608 404 GET /logo.png - 11.87ms
WARNING 2026-04-22 10:47:35,076 log 31008 20608 Not Found: /logo.png
WARNING 2026-04-22 10:47:35,077 log 31008 20608 "GET /logo.png HTTP/1.1" 404 8602
INFO 2026-04-22 10:47:39,664 middleware 31008 20608 200 GET / - 0.40ms
INFO 2026-04-22 10:47:39,666 log 31008 20608 "GET / HTTP/1.1" 200 15833
INFO 2026-04-22 10:47:40,252 middleware 31008 20608 404 GET /logo.png - 15.33ms
WARNING 2026-04-22 10:47:40,253 log 31008 20608 Not Found: /logo.png
WARNING 2026-04-22 10:47:40,255 log 31008 20608 "GET /logo.png HTTP/1.1" 404 8602
INFO 2026-04-22 10:47:42,536 middleware 31008 20608 200 GET / - 2.16ms
INFO 2026-04-22 10:47:42,538 log 31008 20608 "GET / HTTP/1.1" 200 15832
INFO 2026-04-22 10:47:42,938 middleware 31008 20608 404 GET /logo.png - 12.90ms
WARNING 2026-04-22 10:47:42,939 log 31008 20608 Not Found: /logo.png
WARNING 2026-04-22 10:47:42,940 log 31008 20608 "GET /logo.png HTTP/1.1" 404 8602
INFO 2026-04-22 10:47:48,642 middleware 31008 20608 200 GET / - 1.34ms
INFO 2026-04-22 10:47:48,644 log 31008 20608 "GET / HTTP/1.1" 200 21629
INFO 2026-04-22 10:47:49,134 middleware 31008 20608 404 GET /logo.png - 13.15ms
WARNING 2026-04-22 10:47:49,135 log 31008 20608 Not Found: /logo.png
WARNING 2026-04-22 10:47:49,136 log 31008 20608 "GET /logo.png HTTP/1.1" 404 8602
INFO 2026-04-22 10:48:03,899 middleware 31008 20608 200 GET / - 1.04ms
INFO 2026-04-22 10:48:03,901 log 31008 20608 "GET / HTTP/1.1" 200 21850
INFO 2026-04-22 10:48:04,394 middleware 31008 20608 404 GET /logo.png - 32.77ms
WARNING 2026-04-22 10:48:04,408 log 31008 20608 Not Found: /logo.png
WARNING 2026-04-22 10:48:04,445 log 31008 20608 "GET /logo.png HTTP/1.1" 404 8602
INFO 2026-04-22 10:48:12,751 middleware 31008 20608 200 GET /login/ - 6.33ms
INFO 2026-04-22 10:48:12,753 log 31008 20608 "GET /login/ HTTP/1.1" 200 9829
INFO 2026-04-22 10:48:13,437 middleware 31008 20608 404 GET /login/logo.png - 11.96ms
WARNING 2026-04-22 10:48:13,438 log 31008 20608 Not Found: /login/logo.png
WARNING 2026-04-22 10:48:13,440 log 31008 20608 "GET /login/logo.png HTTP/1.1" 404 8620
INFO 2026-04-22 10:48:53,075 middleware 31008 20608 200 GET /login/ - 6.45ms
INFO 2026-04-22 10:48:53,077 log 31008 20608 "GET /login/ HTTP/1.1" 200 9829
INFO 2026-04-22 10:48:53,885 middleware 31008 20608 404 GET /login/logo.png - 11.05ms
WARNING 2026-04-22 10:48:53,886 log 31008 20608 Not Found: /login/logo.png
WARNING 2026-04-22 10:48:53,887 log 31008 20608 "GET /login/logo.png HTTP/1.1" 404 8620
INFO 2026-04-22 10:54:15,648 middleware 31008 20528 200 GET /login/ - 10.53ms
INFO 2026-04-22 10:54:15,649 log 31008 20528 "GET /login/ HTTP/1.1" 200 12067
INFO 2026-04-22 10:54:17,188 middleware 31008 20528 404 GET /login/logo.png - 9.27ms
WARNING 2026-04-22 10:54:17,189 log 31008 20528 Not Found: /login/logo.png
WARNING 2026-04-22 10:54:17,190 log 31008 20528 "GET /login/logo.png HTTP/1.1" 404 8620
INFO 2026-04-22 10:54:23,845 middleware 31008 20528 200 GET / - 5.34ms
INFO 2026-04-22 10:54:23,851 log 31008 20528 "GET / HTTP/1.1" 200 21850
INFO 2026-04-22 10:54:24,415 middleware 31008 20528 404 GET /logo.png - 12.24ms
WARNING 2026-04-22 10:54:24,416 log 31008 20528 Not Found: /logo.png
WARNING 2026-04-22 10:54:24,417 log 31008 20528 "GET /logo.png HTTP/1.1" 404 8602
INFO 2026-04-22 10:54:26,222 middleware 31008 20528 200 GET /login/ - 5.85ms
INFO 2026-04-22 10:54:26,224 log 31008 20528 "GET /login/ HTTP/1.1" 200 12067
INFO 2026-04-22 10:54:26,663 middleware 31008 20528 404 GET /login/logo.png - 12.93ms
WARNING 2026-04-22 10:54:26,664 log 31008 20528 Not Found: /login/logo.png
WARNING 2026-04-22 10:54:26,665 log 31008 20528 "GET /login/logo.png HTTP/1.1" 404 8620
INFO 2026-04-22 10:56:46,538 middleware 31008 20528 200 GET /login/ - 8.89ms
INFO 2026-04-22 10:56:46,539 log 31008 20528 "GET /login/ HTTP/1.1" 200 12134
INFO 2026-04-22 10:56:47,162 middleware 31008 20528 404 GET /login/logo.png - 66.05ms
WARNING 2026-04-22 10:56:47,179 log 31008 20528 Not Found: /login/logo.png
WARNING 2026-04-22 10:56:47,186 log 31008 20528 "GET /login/logo.png HTTP/1.1" 404 8620
INFO 2026-04-22 10:56:51,899 middleware 31008 20528 200 GET / - 1.23ms
INFO 2026-04-22 10:56:51,900 log 31008 20528 "GET / HTTP/1.1" 200 21850
INFO 2026-04-22 10:56:52,514 middleware 31008 20528 404 GET /logo.png - 8.60ms
WARNING 2026-04-22 10:56:52,515 log 31008 20528 Not Found: /logo.png
WARNING 2026-04-22 10:56:52,516 log 31008 20528 "GET /logo.png HTTP/1.1" 404 8602
INFO 2026-04-22 10:56:56,963 middleware 31008 20528 200 GET /login/ - 6.34ms
INFO 2026-04-22 10:56:56,965 log 31008 20528 "GET /login/ HTTP/1.1" 200 12134
INFO 2026-04-22 10:56:57,574 middleware 31008 20528 404 GET /login/logo.png - 12.75ms
WARNING 2026-04-22 10:56:57,575 log 31008 20528 Not Found: /login/logo.png
WARNING 2026-04-22 10:56:57,576 log 31008 20528 "GET /login/logo.png HTTP/1.1" 404 8620
INFO 2026-04-22 10:57:49,877 middleware 31008 20528 200 GET /login/ - 6.19ms
INFO 2026-04-22 10:57:49,879 log 31008 20528 "GET /login/ HTTP/1.1" 200 12134
INFO 2026-04-22 10:57:50,487 middleware 31008 20528 404 GET /login/logo.png - 11.04ms
WARNING 2026-04-22 10:57:50,488 log 31008 20528 Not Found: /login/logo.png
WARNING 2026-04-22 10:57:50,489 log 31008 20528 "GET /login/logo.png HTTP/1.1" 404 8620
INFO 2026-04-22 10:57:57,659 middleware 31008 20528 200 GET / - 0.40ms
INFO 2026-04-22 10:57:57,660 log 31008 20528 "GET / HTTP/1.1" 200 21850
INFO 2026-04-22 10:57:58,140 middleware 31008 20528 404 GET /logo.png - 10.64ms
WARNING 2026-04-22 10:57:58,141 log 31008 20528 Not Found: /logo.png
WARNING 2026-04-22 10:57:58,142 log 31008 20528 "GET /logo.png HTTP/1.1" 404 8602
INFO 2026-04-22 10:58:00,746 middleware 31008 20528 200 GET /login/ - 7.00ms
INFO 2026-04-22 10:58:00,749 log 31008 20528 "GET /login/ HTTP/1.1" 200 12134
INFO 2026-04-22 10:58:01,311 middleware 31008 20528 404 GET /login/logo.png - 13.44ms
WARNING 2026-04-22 10:58:01,313 log 31008 20528 Not Found: /login/logo.png
WARNING 2026-04-22 10:58:01,315 log 31008 20528 "GET /login/logo.png HTTP/1.1" 404 8620
INFO 2026-04-22 10:58:04,219 middleware 31008 20528 200 GET /register-company/ - 3.48ms
INFO 2026-04-22 10:58:04,221 log 31008 20528 "GET /register-company/ HTTP/1.1" 200 9129
INFO 2026-04-22 10:58:04,712 middleware 31008 20528 404 GET /register-company/logo.png - 12.24ms
WARNING 2026-04-22 10:58:04,713 log 31008 20528 Not Found: /register-company/logo.png
WARNING 2026-04-22 10:58:04,715 log 31008 20528 "GET /register-company/logo.png HTTP/1.1" 404 8653
INFO 2026-04-22 10:58:10,575 middleware 31008 20528 200 GET /login/ - 4.66ms
INFO 2026-04-22 10:58:10,577 log 31008 20528 "GET /login/ HTTP/1.1" 200 12134
INFO 2026-04-22 10:58:11,208 middleware 31008 20528 404 GET /login/logo.png - 12.88ms
WARNING 2026-04-22 10:58:11,209 log 31008 20528 Not Found: /login/logo.png
WARNING 2026-04-22 10:58:11,210 log 31008 20528 "GET /login/logo.png HTTP/1.1" 404 8620
INFO 2026-04-22 10:59:45,259 middleware 31008 20528 200 GET /login/ - 10.96ms
INFO 2026-04-22 10:59:45,261 log 31008 20528 "GET /login/ HTTP/1.1" 200 12134
INFO 2026-04-22 10:59:45,704 middleware 31008 20528 404 GET /login/logo.png - 12.17ms
WARNING 2026-04-22 10:59:45,706 log 31008 20528 Not Found: /login/logo.png
WARNING 2026-04-22 10:59:45,707 log 31008 20528 "GET /login/logo.png HTTP/1.1" 404 8620
INFO 2026-04-22 11:06:18,365 middleware 31008 27428 200 GET /login/ - 8.88ms
INFO 2026-04-22 11:06:18,368 log 31008 27428 "GET /login/ HTTP/1.1" 200 14885
INFO 2026-04-22 11:06:19,909 middleware 31008 27428 404 GET /login/logo.png - 9.63ms
WARNING 2026-04-22 11:06:19,910 log 31008 27428 Not Found: /login/logo.png
WARNING 2026-04-22 11:06:19,911 log 31008 27428 "GET /login/logo.png HTTP/1.1" 404 8620
INFO 2026-04-22 11:08:05,891 middleware 31008 27428 302 POST /login/ - 1516.95ms
INFO 2026-04-22 11:08:05,913 log 31008 27428 "POST /login/ HTTP/1.1" 302 0
INFO 2026-04-22 11:08:05,978 middleware 31008 27428 200 GET /dashboard/admin/ - 36.59ms
INFO 2026-04-22 11:08:05,979 log 31008 27428 "GET /dashboard/admin/ HTTP/1.1" 200 1766
INFO 2026-04-22 11:08:06,494 middleware 31008 27428 404 GET /dashboard/admin/logo.png - 11.91ms
WARNING 2026-04-22 11:08:06,495 log 31008 27428 Not Found: /dashboard/admin/logo.png
WARNING 2026-04-22 11:08:06,496 log 31008 27428 "GET /dashboard/admin/logo.png HTTP/1.1" 404 8650
INFO 2026-04-22 11:08:56,106 middleware 31008 27428 200 GET / - 2.08ms
INFO 2026-04-22 11:08:56,108 log 31008 27428 "GET / HTTP/1.1" 200 21850
INFO 2026-04-22 11:08:56,774 middleware 31008 27428 404 GET /logo.png - 12.78ms
WARNING 2026-04-22 11:08:56,775 log 31008 27428 Not Found: /logo.png
WARNING 2026-04-22 11:08:56,776 log 31008 27428 "GET /logo.png HTTP/1.1" 404 8602
INFO 2026-04-22 11:08:58,402 middleware 31008 27428 200 GET /login/ - 15.72ms
INFO 2026-04-22 11:08:58,405 log 31008 27428 "GET /login/ HTTP/1.1" 200 15314
INFO 2026-04-22 11:08:58,946 middleware 31008 27428 404 GET /login/logo.png - 13.21ms
WARNING 2026-04-22 11:08:58,948 log 31008 27428 Not Found: /login/logo.png
WARNING 2026-04-22 11:08:58,949 log 31008 27428 "GET /login/logo.png HTTP/1.1" 404 8620
INFO 2026-04-22 11:09:14,830 middleware 31008 27428 200 GET / - 0.49ms
INFO 2026-04-22 11:09:14,832 log 31008 27428 "GET / HTTP/1.1" 200 21850
INFO 2026-04-22 11:09:15,479 middleware 31008 27428 404 GET /logo.png - 42.62ms
WARNING 2026-04-22 11:09:15,487 log 31008 27428 Not Found: /logo.png
WARNING 2026-04-22 11:09:15,510 log 31008 27428 "GET /logo.png HTTP/1.1" 404 8602
INFO 2026-04-22 11:09:16,997 middleware 31008 27428 200 GET /login/ - 5.14ms
INFO 2026-04-22 11:09:17,000 log 31008 27428 "GET /login/ HTTP/1.1" 200 14885
INFO 2026-04-22 11:09:17,410 middleware 31008 27428 404 GET /login/logo.png - 10.44ms
WARNING 2026-04-22 11:09:17,411 log 31008 27428 Not Found: /login/logo.png
WARNING 2026-04-22 11:09:17,411 log 31008 27428 "GET /login/logo.png HTTP/1.1" 404 8620
INFO 2026-04-22 11:12:06,891 middleware 31008 27428 302 POST /login/ - 1355.43ms
INFO 2026-04-22 11:12:06,907 log 31008 27428 "POST /login/ HTTP/1.1" 302 0
INFO 2026-04-22 11:12:06,935 middleware 31008 27428 200 GET /dashboard/admin/ - 15.44ms
INFO 2026-04-22 11:12:06,936 log 31008 27428 "GET /dashboard/admin/ HTTP/1.1" 200 1766
INFO 2026-04-22 11:12:07,418 middleware 31008 27428 404 GET /dashboard/admin/logo.png - 12.48ms
WARNING 2026-04-22 11:12:07,419 log 31008 27428 Not Found: /dashboard/admin/logo.png
WARNING 2026-04-22 11:12:07,420 log 31008 27428 "GET /dashboard/admin/logo.png HTTP/1.1" 404 8650
INFO 2026-04-22 11:26:59,953 autoreload 31008 11504 C:\Users\hounk\Desktop\AMZ\Gestion Tickets\ticket_backend\apps\core\views.py changed, reloading.
INFO 2026-04-22 11:27:16,545 autoreload 31240 8016 Watching for file changes with StatReloader
INFO 2026-04-22 11:27:23,349 autoreload 31240 8016 C:\Users\hounk\Desktop\AMZ\Gestion Tickets\ticket_backend\apps\core\views.py changed, reloading.
INFO 2026-04-22 11:27:31,657 autoreload 27832 27008 Watching for file changes with StatReloader
INFO 2026-04-22 11:29:41,594 middleware 27832 27824 200 GET /dashboard/admin/ - 38.09ms
INFO 2026-04-22 11:29:41,604 log 27832 27824 "GET /dashboard/admin/ HTTP/1.1" 200 1766
INFO 2026-04-22 11:29:42,331 middleware 27832 27824 404 GET /dashboard/admin/logo.png - 30.85ms
WARNING 2026-04-22 11:29:42,334 log 27832 27824 Not Found: /dashboard/admin/logo.png
WARNING 2026-04-22 11:29:42,336 log 27832 27824 "GET /dashboard/admin/logo.png HTTP/1.1" 404 8650
INFO 2026-04-22 11:29:49,289 middleware 27832 27824 302 GET /logout/ - 115.34ms
INFO 2026-04-22 11:29:49,293 log 27832 27824 "GET /logout/ HTTP/1.1" 302 0
INFO 2026-04-22 11:29:49,379 middleware 27832 27824 200 GET /login/ - 65.04ms
INFO 2026-04-22 11:29:49,382 log 27832 27824 "GET /login/ HTTP/1.1" 200 15706
INFO 2026-04-22 11:29:50,739 middleware 27832 27824 404 GET /login/logo.png - 20.14ms
WARNING 2026-04-22 11:29:50,741 log 27832 27824 Not Found: /login/logo.png
WARNING 2026-04-22 11:29:50,742 log 27832 27824 "GET /login/logo.png HTTP/1.1" 404 8620
INFO 2026-04-22 11:30:04,951 middleware 27832 27824 200 GET /login/ - 8.47ms
INFO 2026-04-22 11:30:04,954 log 27832 27824 "GET /login/ HTTP/1.1" 200 14885
INFO 2026-04-22 11:30:05,708 middleware 27832 27824 404 GET /login/logo.png - 63.05ms
WARNING 2026-04-22 11:30:05,710 log 27832 27824 Not Found: /login/logo.png
WARNING 2026-04-22 11:30:05,713 log 27832 27824 "GET /login/logo.png HTTP/1.1" 404 8620
INFO 2026-04-22 11:32:53,534 middleware 27832 27824 302 POST /login/ - 1713.91ms
INFO 2026-04-22 11:32:53,551 log 27832 27824 "POST /login/ HTTP/1.1" 302 0
INFO 2026-04-22 11:32:53,611 middleware 27832 27824 200 GET /dashboard/admin/ - 40.10ms
INFO 2026-04-22 11:32:53,614 log 27832 27824 "GET /dashboard/admin/ HTTP/1.1" 200 1766
INFO 2026-04-22 11:32:54,862 middleware 27832 27824 404 GET /dashboard/admin/logo.png - 58.69ms
WARNING 2026-04-22 11:32:54,879 log 27832 27824 Not Found: /dashboard/admin/logo.png
WARNING 2026-04-22 11:32:54,893 log 27832 27824 "GET /dashboard/admin/logo.png HTTP/1.1" 404 8650
INFO 2026-04-22 11:33:10,651 middleware 27832 27824 302 GET /logout/ - 24.75ms
INFO 2026-04-22 11:33:10,656 log 27832 27824 "GET /logout/ HTTP/1.1" 302 0
INFO 2026-04-22 11:33:10,692 middleware 27832 27824 200 GET /login/ - 22.30ms
INFO 2026-04-22 11:33:10,696 log 27832 27824 "GET /login/ HTTP/1.1" 200 15706
INFO 2026-04-22 11:33:11,737 middleware 27832 27824 404 GET /login/logo.png - 16.80ms
WARNING 2026-04-22 11:33:11,739 log 27832 27824 Not Found: /login/logo.png
WARNING 2026-04-22 11:33:11,740 log 27832 27824 "GET /login/logo.png HTTP/1.1" 404 8620
INFO 2026-04-22 11:36:21,938 middleware 27832 27824 302 POST /login/ - 1576.65ms
INFO 2026-04-22 11:36:21,954 log 27832 27824 "POST /login/ HTTP/1.1" 302 0
INFO 2026-04-22 11:36:21,999 middleware 27832 27824 200 GET /dashboard/admin/ - 29.95ms
INFO 2026-04-22 11:36:22,001 log 27832 27824 "GET /dashboard/admin/ HTTP/1.1" 200 1766
INFO 2026-04-22 11:36:23,243 middleware 27832 27824 404 GET /dashboard/admin/logo.png - 21.54ms
WARNING 2026-04-22 11:36:23,245 log 27832 27824 Not Found: /dashboard/admin/logo.png
WARNING 2026-04-22 11:36:23,248 log 27832 27824 "GET /dashboard/admin/logo.png HTTP/1.1" 404 8650
INFO 2026-04-22 11:36:31,230 middleware 27832 27824 302 GET /dashboard/admin/ - 1.72ms
INFO 2026-04-22 11:36:31,232 log 27832 27824 "GET /dashboard/admin/ HTTP/1.1" 302 0
INFO 2026-04-22 11:36:31,273 middleware 27832 27824 404 GET /accounts/login/ - 19.10ms
WARNING 2026-04-22 11:36:31,274 log 27832 27824 Not Found: /accounts/login/
WARNING 2026-04-22 11:36:31,279 log 27832 27824 "GET /accounts/login/?next=/dashboard/admin/ HTTP/1.1" 404 8646
INFO 2026-04-22 11:36:32,042 middleware 27832 27824 404 GET /accounts/login/logo.png - 14.06ms
WARNING 2026-04-22 11:36:32,045 log 27832 27824 Not Found: /accounts/login/logo.png
WARNING 2026-04-22 11:36:32,047 log 27832 27824 "GET /accounts/login/logo.png HTTP/1.1" 404 8647
INFO 2026-04-22 11:36:40,738 middleware 27832 27824 404 GET /accounts/login/ - 15.81ms
WARNING 2026-04-22 11:36:40,740 log 27832 27824 Not Found: /accounts/login/
WARNING 2026-04-22 11:36:40,742 log 27832 27824 "GET /accounts/login/?next=/dashboard/admin/ HTTP/1.1" 404 8646
INFO 2026-04-22 11:36:41,507 middleware 27832 27824 404 GET /accounts/login/logo.png - 100.17ms
WARNING 2026-04-22 11:36:41,513 log 27832 27824 Not Found: /accounts/login/logo.png
WARNING 2026-04-22 11:36:41,522 log 27832 27824 "GET /accounts/login/logo.png HTTP/1.1" 404 8647
INFO 2026-04-22 11:36:43,223 middleware 27832 27824 200 GET /login/ - 7.43ms
INFO 2026-04-22 11:36:43,225 log 27832 27824 "GET /login/ HTTP/1.1" 200 14885
INFO 2026-04-22 11:36:44,256 middleware 27832 27824 404 GET /login/logo.png - 23.48ms
WARNING 2026-04-22 11:36:44,258 log 27832 27824 Not Found: /login/logo.png
WARNING 2026-04-22 11:36:44,261 log 27832 27824 "GET /login/logo.png HTTP/1.1" 404 8620
INFO 2026-04-22 11:36:55,831 middleware 27832 27824 200 GET /login/ - 5.71ms
INFO 2026-04-22 11:36:55,833 log 27832 27824 "GET /login/ HTTP/1.1" 200 14885
INFO 2026-04-22 11:36:56,709 middleware 27832 27824 404 GET /login/logo.png - 15.21ms
WARNING 2026-04-22 11:36:56,710 log 27832 27824 Not Found: /login/logo.png
WARNING 2026-04-22 11:36:56,712 log 27832 27824 "GET /login/logo.png HTTP/1.1" 404 8620
INFO 2026-04-22 11:37:15,575 middleware 27832 27824 302 POST /login/ - 1616.11ms
INFO 2026-04-22 11:37:15,590 log 27832 27824 "POST /login/ HTTP/1.1" 302 0
INFO 2026-04-22 11:37:15,629 middleware 27832 27824 200 GET /dashboard/admin/ - 25.88ms
INFO 2026-04-22 11:37:15,633 log 27832 27824 "GET /dashboard/admin/ HTTP/1.1" 200 1766
INFO 2026-04-22 11:37:16,505 middleware 27832 27824 404 GET /dashboard/admin/logo.png - 17.24ms
WARNING 2026-04-22 11:37:16,508 log 27832 27824 Not Found: /dashboard/admin/logo.png
WARNING 2026-04-22 11:37:16,510 log 27832 27824 "GET /dashboard/admin/logo.png HTTP/1.1" 404 8650
INFO 2026-04-22 11:37:18,934 middleware 27832 27824 302 GET /logout/ - 26.58ms
INFO 2026-04-22 11:37:18,937 log 27832 27824 "GET /logout/ HTTP/1.1" 302 0
INFO 2026-04-22 11:37:18,960 middleware 27832 27824 200 GET /login/ - 11.90ms
INFO 2026-04-22 11:37:18,965 log 27832 27824 "GET /login/ HTTP/1.1" 200 15706
INFO 2026-04-22 11:37:19,694 middleware 27832 27824 404 GET /login/logo.png - 18.72ms
WARNING 2026-04-22 11:37:19,696 log 27832 27824 Not Found: /login/logo.png
WARNING 2026-04-22 11:37:19,699 log 27832 27824 "GET /login/logo.png HTTP/1.1" 404 8620
INFO 2026-04-22 11:39:58,595 middleware 27832 27824 200 GET /register-company/ - 11.05ms
INFO 2026-04-22 11:39:58,597 log 27832 27824 "GET /register-company/ HTTP/1.1" 200 9129
INFO 2026-04-22 11:40:00,491 middleware 27832 27824 404 GET /register-company/logo.png - 10.98ms
WARNING 2026-04-22 11:40:00,493 log 27832 27824 Not Found: /register-company/logo.png
WARNING 2026-04-22 11:40:00,494 log 27832 27824 "GET /register-company/logo.png HTTP/1.1" 404 8653
INFO 2026-04-22 11:45:03,518 autoreload 27832 27008 C:\Users\hounk\Desktop\AMZ\Gestion Tickets\ticket_backend\apps\core\views.py changed, reloading.
INFO 2026-04-22 11:45:07,441 autoreload 24288 26288 Watching for file changes with StatReloader
INFO 2026-04-22 11:45:37,222 middleware 24288 4004 200 GET /login/ - 25.15ms
INFO 2026-04-22 11:45:37,227 log 24288 4004 "GET /login/ HTTP/1.1" 200 14885
INFO 2026-04-22 11:45:38,845 middleware 24288 4004 404 GET /login/logo.png - 13.41ms
WARNING 2026-04-22 11:45:38,846 log 24288 4004 Not Found: /login/logo.png
WARNING 2026-04-22 11:45:38,847 log 24288 4004 "GET /login/logo.png HTTP/1.1" 404 8620
INFO 2026-04-22 11:57:05,961 middleware 24288 17144 200 GET /login/ - 25.70ms
INFO 2026-04-22 11:57:05,963 log 24288 17144 "GET /login/ HTTP/1.1" 200 15103
INFO 2026-04-22 11:57:07,626 middleware 24288 17144 404 GET /login/logo.png - 11.01ms
WARNING 2026-04-22 11:57:07,627 log 24288 17144 Not Found: /login/logo.png
WARNING 2026-04-22 11:57:07,629 log 24288 17144 "GET /login/logo.png HTTP/1.1" 404 8620
INFO 2026-04-22 11:57:40,774 middleware 24288 17144 302 POST /login/ - 1246.79ms
INFO 2026-04-22 11:57:40,784 log 24288 17144 "POST /login/ HTTP/1.1" 302 0
ERROR 2026-04-22 11:57:41,439 log 24288 17144 Internal Server Error: /dashboard/admin/
Traceback (most recent call last):
  File "C:\Users\hounk\Desktop\AMZ\Gestion Tickets\ticket_backend\venv\Lib\site-packages\django\core\handlers\exception.py", line 55, in inner
    response = get_response(request)
  File "C:\Users\hounk\Desktop\AMZ\Gestion Tickets\ticket_backend\venv\Lib\site-packages\django\core\handlers\base.py", line 198, in _get_response
    response = wrapped_callback(request, *callback_args, **callback_kwargs)
  File "C:\Users\hounk\Desktop\AMZ\Gestion Tickets\ticket_backend\venv\Lib\site-packages\django\contrib\auth\decorators.py", line 59, in _view_wrapper
    return view_func(request, *args, **kwargs)
  File "C:\Users\hounk\Desktop\AMZ\Gestion Tickets\ticket_backend\apps\core\views.py", line 202, in admin_dashboard
    return render(request, 'dashboard/admin_dashboard.html', context)
  File "C:\Users\hounk\Desktop\AMZ\Gestion Tickets\ticket_backend\venv\Lib\site-packages\django\shortcuts.py", line 25, in render
    content = loader.render_to_string(template_name, context, request, using=using)
  File "C:\Users\hounk\Desktop\AMZ\Gestion Tickets\ticket_backend\venv\Lib\site-packages\django\template\loader.py", line 62, in render_to_string
    return template.render(context, request)
           ~~~~~~~~~~~~~~~^^^^^^^^^^^^^^^^^^
  File "C:\Users\hounk\Desktop\AMZ\Gestion Tickets\ticket_backend\venv\Lib\site-packages\django\template\backends\django.py", line 107, in render
    return self.template.render(context)
           ~~~~~~~~~~~~~~~~~~~~^^^^^^^^^
  File "C:\Users\hounk\Desktop\AMZ\Gestion Tickets\ticket_backend\venv\Lib\site-packages\django\template\base.py", line 174, in render
    return self._render(context)
           ~~~~~~~~~~~~^^^^^^^^^
  File "C:\Users\hounk\Desktop\AMZ\Gestion Tickets\ticket_backend\venv\Lib\site-packages\django\template\base.py", line 166, in _render
    return self.nodelist.render(context)
           ~~~~~~~~~~~~~~~~~~~~^^^^^^^^^
  File "C:\Users\hounk\Desktop\AMZ\Gestion Tickets\ticket_backend\venv\Lib\site-packages\django\template\base.py", line 1091, in render
    return SafeString("".join([node.render_annotated(context) for node in self]))
                               ~~~~~~~~~~~~~~~~~~~~~^^^^^^^^^
  File "C:\Users\hounk\Desktop\AMZ\Gestion Tickets\ticket_backend\venv\Lib\site-packages\django\template\base.py", line 1052, in render_annotated
    return self.render(context)
           ~~~~~~~~~~~^^^^^^^^^
  File "C:\Users\hounk\Desktop\AMZ\Gestion Tickets\ticket_backend\venv\Lib\site-packages\django\template\loader_tags.py", line 160, in render
    return compiled_parent._render(context)
           ~~~~~~~~~~~~~~~~~~~~~~~^^^^^^^^^
  File "C:\Users\hounk\Desktop\AMZ\Gestion Tickets\ticket_backend\venv\Lib\site-packages\django\template\base.py", line 166, in _render
    return self.nodelist.render(context)
           ~~~~~~~~~~~~~~~~~~~~^^^^^^^^^
  File "C:\Users\hounk\Desktop\AMZ\Gestion Tickets\ticket_backend\venv\Lib\site-packages\django\template\base.py", line 1091, in render
    return SafeString("".join([node.render_annotated(context) for node in self]))
                               ~~~~~~~~~~~~~~~~~~~~~^^^^^^^^^
  File "C:\Users\hounk\Desktop\AMZ\Gestion Tickets\ticket_backend\venv\Lib\site-packages\django\template\base.py", line 1052, in render_annotated
    return self.render(context)
           ~~~~~~~~~~~^^^^^^^^^
  File "C:\Users\hounk\Desktop\AMZ\Gestion Tickets\ticket_backend\venv\Lib\site-packages\django\template\defaulttags.py", line 333, in render
    return nodelist.render(context)
           ~~~~~~~~~~~~~~~^^^^^^^^^
  File "C:\Users\hounk\Desktop\AMZ\Gestion Tickets\ticket_backend\venv\Lib\site-packages\django\template\base.py", line 1091, in render
    return SafeString("".join([node.render_annotated(context) for node in self]))
                               ~~~~~~~~~~~~~~~~~~~~~^^^^^^^^^
  File "C:\Users\hounk\Desktop\AMZ\Gestion Tickets\ticket_backend\venv\Lib\site-packages\django\template\base.py", line 1052, in render_annotated
    return self.render(context)
           ~~~~~~~~~~~^^^^^^^^^
  File "C:\Users\hounk\Desktop\AMZ\Gestion Tickets\ticket_backend\venv\Lib\site-packages\django\template\defaulttags.py", line 511, in render
    url = reverse(view_name, args=args, kwargs=kwargs, current_app=current_app)
  File "C:\Users\hounk\Desktop\AMZ\Gestion Tickets\ticket_backend\venv\Lib\site-packages\django\urls\base.py", line 98, in reverse
    resolved_url = resolver._reverse_with_prefix(view, prefix, *args, **kwargs)
  File "C:\Users\hounk\Desktop\AMZ\Gestion Tickets\ticket_backend\venv\Lib\site-packages\django\urls\resolvers.py", line 842, in _reverse_with_prefix
    raise NoReverseMatch(msg)
django.urls.exceptions.NoReverseMatch: Reverse for 'employee_list' not found. 'employee_list' is not a valid view function or pattern name.
INFO 2026-04-22 11:57:41,463 middleware 24288 17144 500 GET /dashboard/admin/ - 669.51ms
ERROR 2026-04-22 11:57:41,465 log 24288 17144 "GET /dashboard/admin/ HTTP/1.1" 500 181442
INFO 2026-04-22 11:57:42,167 middleware 24288 17144 404 GET /dashboard/admin/logo.png - 11.33ms
WARNING 2026-04-22 11:57:42,168 log 24288 17144 Not Found: /dashboard/admin/logo.png
WARNING 2026-04-22 11:57:42,169 log 24288 17144 "GET /dashboard/admin/logo.png HTTP/1.1" 404 8650
INFO 2026-04-22 11:59:44,238 middleware 24288 17144 200 GET /dashboard/admin/ - 29.04ms
INFO 2026-04-22 11:59:44,239 log 24288 17144 "GET /dashboard/admin/ HTTP/1.1" 200 16053
INFO 2026-04-22 11:59:45,273 middleware 24288 17144 404 GET /dashboard/admin/logo.png - 11.13ms
WARNING 2026-04-22 11:59:45,274 log 24288 17144 Not Found: /dashboard/admin/logo.png
WARNING 2026-04-22 11:59:45,275 log 24288 17144 "GET /dashboard/admin/logo.png HTTP/1.1" 404 8650
INFO 2026-04-22 11:59:53,572 middleware 24288 17144 200 GET /admin/ - 151.78ms
INFO 2026-04-22 11:59:53,573 log 24288 17144 "GET /admin/ HTTP/1.1" 200 12219
INFO 2026-04-22 11:59:53,663 log 24288 17144 "GET /static/admin/css/base.css HTTP/1.1" 304 0
INFO 2026-04-22 11:59:53,664 log 24288 21292 "GET /static/admin/css/dark_mode.css HTTP/1.1" 304 0
INFO 2026-04-22 11:59:53,672 log 24288 21292 "GET /static/admin/css/dashboard.css HTTP/1.1" 304 0
INFO 2026-04-22 11:59:53,673 log 24288 17144 "GET /static/admin/css/nav_sidebar.css HTTP/1.1" 304 0
INFO 2026-04-22 11:59:53,680 log 24288 21292 "GET /static/admin/css/responsive.css HTTP/1.1" 304 0
INFO 2026-04-22 11:59:53,687 log 24288 17144 "GET /static/admin/js/theme.js HTTP/1.1" 304 0
INFO 2026-04-22 11:59:53,886 log 24288 17144 "GET /static/admin/js/nav_sidebar.js HTTP/1.1" 304 0
INFO 2026-04-22 11:59:53,901 log 24288 21292 "GET /static/admin/img/icon-changelink.svg HTTP/1.1" 304 0
INFO 2026-04-22 11:59:53,904 log 24288 17144 "GET /static/admin/img/icon-addlink.svg HTTP/1.1" 304 0
INFO 2026-04-22 11:59:54,219 middleware 24288 17144 404 GET /admin/logo.png - 19.68ms
WARNING 2026-04-22 11:59:54,221 log 24288 17144 Not Found: /admin/logo.png
WARNING 2026-04-22 11:59:54,223 log 24288 17144 "GET /admin/logo.png HTTP/1.1" 404 7027
INFO 2026-04-22 11:59:54,225 log 24288 14052 "GET /static/admin/js/theme.js HTTP/1.1" 304 0
INFO 2026-04-22 11:59:54,231 log 24288 25384 "GET /static/admin/js/nav_sidebar.js HTTP/1.1" 304 0
INFO 2026-04-22 12:00:32,354 middleware 24288 17144 404 GET /admin/quota-config/ - 15.44ms
WARNING 2026-04-22 12:00:32,355 log 24288 17144 Not Found: /admin/quota-config/
WARNING 2026-04-22 12:00:32,356 log 24288 17144 "GET /admin/quota-config/ HTTP/1.1" 404 7042
INFO 2026-04-22 12:00:32,863 middleware 24288 17144 404 GET /admin/quota-config/logo.png - 15.06ms
WARNING 2026-04-22 12:00:32,864 log 24288 17144 Not Found: /admin/quota-config/logo.png
WARNING 2026-04-22 12:00:32,866 log 24288 17144 "GET /admin/quota-config/logo.png HTTP/1.1" 404 7066
INFO 2026-04-22 12:00:37,375 middleware 24288 17144 200 GET /change-password/ - 98.82ms
INFO 2026-04-22 12:00:37,377 log 24288 17144 "GET /change-password/ HTTP/1.1" 200 8929
INFO 2026-04-22 12:00:37,762 middleware 24288 17144 404 GET /change-password/logo.png - 7.82ms
WARNING 2026-04-22 12:00:37,763 log 24288 17144 Not Found: /change-password/logo.png
WARNING 2026-04-22 12:00:37,764 log 24288 17144 "GET /change-password/logo.png HTTP/1.1" 404 8650
INFO 2026-04-22 12:00:46,060 middleware 24288 17144 200 GET /admin/ - 22.75ms
INFO 2026-04-22 12:00:46,061 log 24288 17144 "GET /admin/ HTTP/1.1" 200 12219
INFO 2026-04-22 12:00:46,582 middleware 24288 17144 404 GET /admin/logo.png - 16.85ms
WARNING 2026-04-22 12:00:46,583 log 24288 17144 Not Found: /admin/logo.png
WARNING 2026-04-22 12:00:46,584 log 24288 17144 "GET /admin/logo.png HTTP/1.1" 404 7027
INFO 2026-04-22 12:00:50,872 middleware 24288 17144 200 GET /dashboard/admin/ - 16.12ms
INFO 2026-04-22 12:00:50,874 log 24288 17144 "GET /dashboard/admin/ HTTP/1.1" 200 15730
INFO 2026-04-22 12:00:51,318 middleware 24288 17144 404 GET /dashboard/admin/logo.png - 11.62ms
WARNING 2026-04-22 12:00:51,320 log 24288 17144 Not Found: /dashboard/admin/logo.png
WARNING 2026-04-22 12:00:51,321 log 24288 17144 "GET /dashboard/admin/logo.png HTTP/1.1" 404 8650
INFO 2026-04-22 12:01:10,094 middleware 24288 17144 302 GET /logout/ - 16.60ms
INFO 2026-04-22 12:01:10,095 log 24288 17144 "GET /logout/ HTTP/1.1" 302 0
INFO 2026-04-22 12:01:10,128 middleware 24288 17144 200 GET /login/ - 19.10ms
INFO 2026-04-22 12:01:10,130 log 24288 17144 "GET /login/ HTTP/1.1" 200 15533
INFO 2026-04-22 12:01:10,748 middleware 24288 17144 404 GET /login/logo.png - 10.42ms
WARNING 2026-04-22 12:01:10,750 log 24288 17144 Not Found: /login/logo.png
WARNING 2026-04-22 12:01:10,752 log 24288 17144 "GET /login/logo.png HTTP/1.1" 404 8620
ERROR 2026-04-22 12:02:03,774 log 24288 17144 Internal Server Error: /login/
Traceback (most recent call last):
  File "C:\Users\hounk\Desktop\AMZ\Gestion Tickets\ticket_backend\venv\Lib\site-packages\django\core\handlers\exception.py", line 55, in inner
    response = get_response(request)
  File "C:\Users\hounk\Desktop\AMZ\Gestion Tickets\ticket_backend\venv\Lib\site-packages\django\core\handlers\base.py", line 198, in _get_response
    response = wrapped_callback(request, *callback_args, **callback_kwargs)
  File "C:\Users\hounk\Desktop\AMZ\Gestion Tickets\ticket_backend\apps\core\views.py", line 123, in login_view
    if user.company and user.company.id != company.id:
       ^^^^^^^^^^^^
AttributeError: 'User' object has no attribute 'company'
INFO 2026-04-22 12:02:03,780 middleware 24288 17144 500 POST /login/ - 1086.08ms
ERROR 2026-04-22 12:02:03,782 log 24288 17144 "POST /login/ HTTP/1.1" 500 80597
INFO 2026-04-22 12:02:04,207 middleware 24288 17144 404 GET /login/logo.png - 6.38ms
WARNING 2026-04-22 12:02:04,208 log 24288 17144 Not Found: /login/logo.png
WARNING 2026-04-22 12:02:04,209 log 24288 17144 "GET /login/logo.png HTTP/1.1" 404 8620
INFO 2026-04-22 12:02:08,188 middleware 24288 17144 200 GET /login/ - 7.26ms
INFO 2026-04-22 12:02:08,190 log 24288 17144 "GET /login/ HTTP/1.1" 200 15103
INFO 2026-04-22 12:02:33,897 middleware 24288 17144 200 POST /login/ - 1279.48ms
INFO 2026-04-22 12:02:33,898 log 24288 17144 "POST /login/ HTTP/1.1" 200 15584
INFO 2026-04-22 12:02:34,322 middleware 24288 17144 404 GET /login/logo.png - 11.53ms
WARNING 2026-04-22 12:02:34,323 log 24288 17144 Not Found: /login/logo.png
WARNING 2026-04-22 12:02:34,324 log 24288 17144 "GET /login/logo.png HTTP/1.1" 404 8620
INFO 2026-04-22 12:02:50,620 middleware 24288 17144 302 POST /login/ - 1140.99ms
INFO 2026-04-22 12:02:50,632 log 24288 17144 "POST /login/ HTTP/1.1" 302 0
INFO 2026-04-22 12:02:50,665 middleware 24288 17144 200 GET /dashboard/admin/ - 23.23ms
INFO 2026-04-22 12:02:50,667 log 24288 17144 "GET /dashboard/admin/ HTTP/1.1" 200 16053
INFO 2026-04-22 12:02:51,088 middleware 24288 17144 404 GET /dashboard/admin/logo.png - 8.01ms
WARNING 2026-04-22 12:02:51,089 log 24288 17144 Not Found: /dashboard/admin/logo.png
WARNING 2026-04-22 12:02:51,090 log 24288 17144 "GET /dashboard/admin/logo.png HTTP/1.1" 404 8650
INFO 2026-04-22 12:19:27,139 autoreload 24288 26288 C:\Users\hounk\Desktop\AMZ\Gestion Tickets\ticket_backend\apps\core\views.py changed, reloading.
INFO 2026-04-22 12:19:34,829 autoreload 16284 4556 Watching for file changes with StatReloader
INFO 2026-04-22 12:19:48,225 middleware 16284 22568 200 GET /dashboard/admin/ - 88.88ms
INFO 2026-04-22 12:19:48,229 log 16284 22568 "GET /dashboard/admin/ HTTP/1.1" 200 54078
INFO 2026-04-22 12:19:49,945 middleware 16284 22568 404 GET /dashboard/admin/logo.png - 13.54ms
WARNING 2026-04-22 12:19:49,946 log 16284 22568 Not Found: /dashboard/admin/logo.png
WARNING 2026-04-22 12:19:49,947 log 16284 22568 "GET /dashboard/admin/logo.png HTTP/1.1" 404 8650
INFO 2026-04-22 12:23:01,295 middleware 16284 22568 200 GET /admin/ - 115.68ms
INFO 2026-04-22 12:23:01,296 log 16284 22568 "GET /admin/ HTTP/1.1" 200 12219
INFO 2026-04-22 12:23:02,328 middleware 16284 22568 404 GET /admin/logo.png - 18.59ms
WARNING 2026-04-22 12:23:02,329 log 16284 22568 Not Found: /admin/logo.png
WARNING 2026-04-22 12:23:02,330 log 16284 22568 "GET /admin/logo.png HTTP/1.1" 404 7027
INFO 2026-04-22 12:23:05,383 middleware 16284 22568 200 GET /admin/ - 16.62ms
INFO 2026-04-22 12:23:05,384 log 16284 22568 "GET /admin/ HTTP/1.1" 200 12219
INFO 2026-04-22 12:23:05,794 middleware 16284 22568 404 GET /admin/logo.png - 15.63ms
WARNING 2026-04-22 12:23:05,795 log 16284 22568 Not Found: /admin/logo.png
WARNING 2026-04-22 12:23:05,796 log 16284 22568 "GET /admin/logo.png HTTP/1.1" 404 7027
INFO 2026-04-22 12:23:09,913 middleware 16284 22568 200 GET /profile/ - 6.51ms
INFO 2026-04-22 12:23:09,914 log 16284 22568 "GET /profile/ HTTP/1.1" 200 0
INFO 2026-04-22 12:23:10,358 middleware 16284 22568 404 GET /profile/logo.png - 9.23ms
WARNING 2026-04-22 12:23:10,359 log 16284 22568 Not Found: /profile/logo.png
WARNING 2026-04-22 12:23:10,360 log 16284 22568 "GET /profile/logo.png HTTP/1.1" 404 8626
INFO 2026-04-22 12:25:36,439 autoreload 16284 4556 C:\Users\hounk\Desktop\AMZ\Gestion Tickets\ticket_backend\config\urls.py changed, reloading.
INFO 2026-04-22 12:25:40,578 autoreload 30020 17504 Watching for file changes with StatReloader
INFO 2026-04-22 12:25:50,044 autoreload 30020 17504 C:\Users\hounk\Desktop\AMZ\Gestion Tickets\ticket_backend\config\urls.py changed, reloading.
INFO 2026-04-22 12:25:52,464 autoreload 31124 4480 Watching for file changes with StatReloader
INFO 2026-04-22 12:27:36,704 autoreload 31124 4480 C:\Users\hounk\Desktop\AMZ\Gestion Tickets\ticket_backend\apps\core\views.py changed, reloading.
INFO 2026-04-22 12:27:38,865 autoreload 15864 30388 Watching for file changes with StatReloader
INFO 2026-04-22 12:30:11,345 autoreload 15864 30388 C:\Users\hounk\Desktop\AMZ\Gestion Tickets\ticket_backend\config\urls.py changed, reloading.
INFO 2026-04-22 12:30:13,920 autoreload 31224 21804 Watching for file changes with StatReloader
ERROR 2026-04-22 12:30:50,964 log 31224 29176 Internal Server Error: /dashboard/admin/
Traceback (most recent call last):
  File "C:\Users\hounk\Desktop\AMZ\Gestion Tickets\ticket_backend\venv\Lib\site-packages\django\core\handlers\exception.py", line 55, in inner
    response = get_response(request)
  File "C:\Users\hounk\Desktop\AMZ\Gestion Tickets\ticket_backend\venv\Lib\site-packages\django\core\handlers\base.py", line 198, in _get_response
    response = wrapped_callback(request, *callback_args, **callback_kwargs)
  File "C:\Users\hounk\Desktop\AMZ\Gestion Tickets\ticket_backend\venv\Lib\site-packages\django\contrib\auth\decorators.py", line 59, in _view_wrapper
    return view_func(request, *args, **kwargs)
  File "C:\Users\hounk\Desktop\AMZ\Gestion Tickets\ticket_backend\apps\core\views.py", line 199, in admin_dashboard
    'ticket_lots': TicketLot.objects.all().order_by('-created_at')[:10],
                   ^^^^^^^^^
NameError: name 'TicketLot' is not defined. Did you mean: 'Ticket'?
INFO 2026-04-22 12:30:50,972 middleware 31224 29176 500 GET /dashboard/admin/ - 113.23ms
ERROR 2026-04-22 12:30:50,973 log 31224 29176 "GET /dashboard/admin/ HTTP/1.1" 500 83257
INFO 2026-04-22 12:30:52,668 middleware 31224 29176 404 GET /dashboard/admin/logo.png - 9.68ms
WARNING 2026-04-22 12:30:52,669 log 31224 29176 Not Found: /dashboard/admin/logo.png
WARNING 2026-04-22 12:30:52,671 log 31224 29176 "GET /dashboard/admin/logo.png HTTP/1.1" 404 10067
INFO 2026-04-22 12:31:45,968 autoreload 31224 21804 C:\Users\hounk\Desktop\AMZ\Gestion Tickets\ticket_backend\apps\core\views.py changed, reloading.
INFO 2026-04-22 12:31:48,992 autoreload 29548 30108 Watching for file changes with StatReloader
INFO 2026-04-22 12:31:58,788 middleware 29548 28884 200 GET /dashboard/admin/ - 107.86ms
INFO 2026-04-22 12:31:58,793 log 29548 28884 "GET /dashboard/admin/ HTTP/1.1" 200 46716
INFO 2026-04-22 12:31:59,421 middleware 29548 28884 404 GET /dashboard/admin/logo.png - 13.08ms
WARNING 2026-04-22 12:31:59,424 log 29548 28884 Not Found: /dashboard/admin/logo.png
WARNING 2026-04-22 12:31:59,426 log 29548 28884 "GET /dashboard/admin/logo.png HTTP/1.1" 404 10067
INFO 2026-04-22 12:32:09,850 middleware 29548 28884 200 GET /dashboard/admin/ - 48.04ms
INFO 2026-04-22 12:32:09,851 log 29548 28884 "GET /dashboard/admin/ HTTP/1.1" 200 46716
INFO 2026-04-22 12:32:10,409 middleware 29548 28884 404 GET /dashboard/admin/logo.png - 12.11ms
WARNING 2026-04-22 12:32:10,410 log 29548 28884 Not Found: /dashboard/admin/logo.png
WARNING 2026-04-22 12:32:10,411 log 29548 28884 "GET /dashboard/admin/logo.png HTTP/1.1" 404 10067
INFO 2026-04-22 12:32:48,153 middleware 29548 28884 200 GET /dashboard/admin/ - 52.84ms
INFO 2026-04-22 12:32:48,156 log 29548 28884 "GET /dashboard/admin/ HTTP/1.1" 200 46716
INFO 2026-04-22 12:32:48,819 middleware 29548 28884 404 GET /dashboard/admin/logo.png - 13.33ms
WARNING 2026-04-22 12:32:48,820 log 29548 28884 Not Found: /dashboard/admin/logo.png
WARNING 2026-04-22 12:32:48,821 log 29548 28884 "GET /dashboard/admin/logo.png HTTP/1.1" 404 10067
INFO 2026-04-22 12:32:51,559 middleware 29548 28884 200 GET /profile/ - 15.78ms
INFO 2026-04-22 12:32:51,560 log 29548 28884 "GET /profile/ HTTP/1.1" 200 0
INFO 2026-04-22 12:32:51,966 middleware 29548 28884 404 GET /profile/logo.png - 10.00ms
WARNING 2026-04-22 12:32:51,967 log 29548 28884 Not Found: /profile/logo.png
WARNING 2026-04-22 12:32:51,968 log 29548 28884 "GET /profile/logo.png HTTP/1.1" 404 10043
INFO 2026-04-22 13:08:36,713 middleware 29548 30620 200 GET /dashboard/admin/ - 148.19ms
INFO 2026-04-22 13:08:36,716 log 29548 30620 "GET /dashboard/admin/ HTTP/1.1" 200 46716
INFO 2026-04-22 13:08:40,469 middleware 29548 30620 404 GET /dashboard/admin/logo.png - 39.29ms
WARNING 2026-04-22 13:08:40,470 log 29548 30620 Not Found: /dashboard/admin/logo.png
WARNING 2026-04-22 13:08:40,472 log 29548 30620 "GET /dashboard/admin/logo.png HTTP/1.1" 404 10067
INFO 2026-04-22 13:09:23,389 middleware 29548 9872 302 GET /logout/ - 68.69ms
INFO 2026-04-22 13:09:23,398 log 29548 9872 "GET /logout/ HTTP/1.1" 302 0
INFO 2026-04-22 13:09:23,520 middleware 29548 9872 200 GET /login/ - 50.13ms
INFO 2026-04-22 13:09:23,525 log 29548 9872 "GET /login/ HTTP/1.1" 200 15533
INFO 2026-04-22 13:09:25,147 middleware 29548 9872 404 GET /login/logo.png - 49.18ms
WARNING 2026-04-22 13:09:25,149 log 29548 9872 Not Found: /login/logo.png
WARNING 2026-04-22 13:09:25,152 log 29548 9872 "GET /login/logo.png HTTP/1.1" 404 10037
INFO 2026-04-22 13:09:32,483 middleware 29548 9872 200 GET / - 3.48ms
INFO 2026-04-22 13:09:32,486 log 29548 9872 "GET / HTTP/1.1" 200 21850
INFO 2026-04-22 13:09:33,662 middleware 29548 9872 404 GET /logo.png - 24.10ms
WARNING 2026-04-22 13:09:33,665 log 29548 9872 Not Found: /logo.png
WARNING 2026-04-22 13:09:33,668 log 29548 9872 "GET /logo.png HTTP/1.1" 404 10019
INFO 2026-04-22 13:09:41,610 middleware 29548 9872 200 GET /login/ - 10.98ms
INFO 2026-04-22 13:09:41,618 log 29548 9872 "GET /login/ HTTP/1.1" 200 15103
INFO 2026-04-22 13:09:42,477 middleware 29548 9872 404 GET /login/logo.png - 20.98ms
WARNING 2026-04-22 13:09:42,478 log 29548 9872 Not Found: /login/logo.png
WARNING 2026-04-22 13:09:42,481 log 29548 9872 "GET /login/logo.png HTTP/1.1" 404 10037
INFO 2026-04-22 13:13:59,046 middleware 29548 9872 200 GET / - 0.84ms
INFO 2026-04-22 13:13:59,049 log 29548 9872 "GET / HTTP/1.1" 200 21850
INFO 2026-04-22 13:14:01,440 middleware 29548 9872 404 GET /logo.png - 18.77ms
WARNING 2026-04-22 13:14:01,441 log 29548 9872 Not Found: /logo.png
WARNING 2026-04-22 13:14:01,444 log 29548 9872 "GET /logo.png HTTP/1.1" 404 10019
INFO 2026-04-22 13:14:09,181 middleware 29548 9872 200 GET /login/ - 22.63ms
INFO 2026-04-22 13:14:09,185 log 29548 9872 "GET /login/ HTTP/1.1" 200 15103
INFO 2026-04-22 13:14:10,240 middleware 29548 9872 404 GET /login/logo.png - 25.91ms
WARNING 2026-04-22 13:14:10,243 log 29548 9872 Not Found: /login/logo.png
WARNING 2026-04-22 13:14:10,245 log 29548 9872 "GET /login/logo.png HTTP/1.1" 404 10037
INFO 2026-04-22 16:50:31,330 log 29548 32664 "GET /static/drf-yasg/swagger-ui-dist/swagger-ui-bundle.js HTTP/1.1" 304 0
INFO 2026-04-22 16:50:32,141 log 29548 32664 "GET /static/drf-yasg/insQ.min.js HTTP/1.1" 304 0
INFO 2026-04-22 16:50:32,149 log 29548 33072 "GET /static/drf-yasg/immutable.min.js HTTP/1.1" 304 0
INFO 2026-04-22 16:50:32,333 log 29548 32664 "GET /static/drf-yasg/swagger-ui-dist/swagger-ui-standalone-preset.js HTTP/1.1" 304 0
INFO 2026-04-22 16:50:32,359 log 29548 33072 "GET /static/drf-yasg/swagger-ui-init.js HTTP/1.1" 304 0
INFO 2026-04-22 16:50:32,585 middleware 29548 18328 404 GET /favicon.ico - 237.91ms
WARNING 2026-04-22 16:50:32,602 log 29548 18328 Not Found: /favicon.ico
WARNING 2026-04-22 16:50:32,605 log 29548 18328 "GET /favicon.ico HTTP/1.1" 404 10028
INFO 2026-04-22 20:21:26,533 middleware 29548 1268 200 GET /login/ - 591.92ms
INFO 2026-04-22 20:21:26,606 log 29548 1268 "GET /login/ HTTP/1.1" 200 15103
INFO 2026-04-22 20:21:27,893 middleware 29548 1268 404 GET /login/logo.png - 178.92ms
WARNING 2026-04-22 20:21:27,902 log 29548 1268 Not Found: /login/logo.png
WARNING 2026-04-22 20:21:27,906 log 29548 1268 "GET /login/logo.png HTTP/1.1" 404 10037
INFO 2026-04-22 20:22:13,965 middleware 29548 1268 200 GET /login/ - 14.68ms
INFO 2026-04-22 20:22:13,967 log 29548 1268 "GET /login/ HTTP/1.1" 200 15103
INFO 2026-04-22 20:22:14,623 middleware 29548 1268 404 GET /login/logo.png - 18.55ms
WARNING 2026-04-22 20:22:14,624 log 29548 1268 Not Found: /login/logo.png
WARNING 2026-04-22 20:22:14,625 log 29548 1268 "GET /login/logo.png HTTP/1.1" 404 10037
INFO 2026-04-22 21:42:38,785 middleware 29548 27840 200 GET /login/ - 220.09ms
INFO 2026-04-22 21:42:38,813 log 29548 27840 "GET /login/ HTTP/1.1" 200 15103
INFO 2026-04-22 21:42:39,791 middleware 29548 27840 404 GET /login/logo.png - 67.08ms
WARNING 2026-04-22 21:42:39,794 log 29548 27840 Not Found: /login/logo.png
WARNING 2026-04-22 21:42:39,795 log 29548 27840 "GET /login/logo.png HTTP/1.1" 404 10037
INFO 2026-04-22 21:42:57,480 middleware 29548 27840 200 GET /register-company/ - 628.77ms
INFO 2026-04-22 21:42:57,482 log 29548 27840 "GET /register-company/ HTTP/1.1" 200 9129
INFO 2026-04-22 21:42:58,552 middleware 29548 27840 404 GET /register-company/logo.png - 30.90ms
WARNING 2026-04-22 21:42:58,554 log 29548 27840 Not Found: /register-company/logo.png
WARNING 2026-04-22 21:42:58,559 log 29548 27840 "GET /register-company/logo.png HTTP/1.1" 404 10070
INFO 2026-04-22 21:43:01,365 middleware 29548 27840 200 GET /login/ - 37.01ms
INFO 2026-04-22 21:43:01,369 log 29548 27840 "GET /login/ HTTP/1.1" 200 15103
INFO 2026-04-22 21:43:02,444 middleware 29548 27840 404 GET /login/logo.png - 17.09ms
WARNING 2026-04-22 21:43:02,446 log 29548 27840 Not Found: /login/logo.png
WARNING 2026-04-22 21:43:02,447 log 29548 27840 "GET /login/logo.png HTTP/1.1" 404 10037
INFO 2026-04-22 21:45:13,636 middleware 29548 27840 302 POST /login/ - 1853.23ms
INFO 2026-04-22 21:45:13,665 log 29548 27840 "POST /login/ HTTP/1.1" 302 0
INFO 2026-04-22 21:45:13,907 middleware 29548 27840 200 GET /dashboard/admin/ - 216.87ms
INFO 2026-04-22 21:45:13,911 log 29548 27840 "GET /dashboard/admin/ HTTP/1.1" 200 47039
INFO 2026-04-22 21:45:15,391 middleware 29548 27840 404 GET /dashboard/admin/logo.png - 23.74ms
WARNING 2026-04-22 21:45:15,392 log 29548 27840 Not Found: /dashboard/admin/logo.png
WARNING 2026-04-22 21:45:15,394 log 29548 27840 "GET /dashboard/admin/logo.png HTTP/1.1" 404 10067
INFO 2026-04-22 21:49:29,176 middleware 29548 27840 200 GET /dashboard/admin/ - 118.82ms
INFO 2026-04-22 21:49:29,179 log 29548 27840 "GET /dashboard/admin/ HTTP/1.1" 200 46716
INFO 2026-04-22 21:49:30,549 middleware 29548 27840 404 GET /dashboard/admin/logo.png - 32.31ms
WARNING 2026-04-22 21:49:30,552 log 29548 27840 Not Found: /dashboard/admin/logo.png
WARNING 2026-04-22 21:49:30,555 log 29548 27840 "GET /dashboard/admin/logo.png HTTP/1.1" 404 10067
INFO 2026-04-22 21:50:47,893 middleware 29548 27840 200 POST /api/admin/generate-lot/ - 668.95ms
INFO 2026-04-22 21:50:47,896 log 29548 27840 "POST /api/admin/generate-lot/ HTTP/1.1" 200 103
INFO 2026-04-22 21:50:48,120 middleware 29548 27840 200 GET /dashboard/admin/ - 155.27ms
INFO 2026-04-22 21:50:48,123 log 29548 27840 "GET /dashboard/admin/ HTTP/1.1" 200 47570
INFO 2026-04-22 21:50:49,051 middleware 29548 27840 404 GET /dashboard/admin/logo.png - 23.61ms
WARNING 2026-04-22 21:50:49,053 log 29548 27840 Not Found: /dashboard/admin/logo.png
WARNING 2026-04-22 21:50:49,055 log 29548 27840 "GET /dashboard/admin/logo.png HTTP/1.1" 404 10067
INFO 2026-04-22 21:51:09,792 middleware 29548 27840 200 POST /api/admin/generate-lot/ - 46.98ms
INFO 2026-04-22 21:51:09,794 log 29548 27840 "POST /api/admin/generate-lot/ HTTP/1.1" 200 103
INFO 2026-04-22 21:51:09,934 middleware 29548 27840 200 GET /dashboard/admin/ - 104.02ms
INFO 2026-04-22 21:51:09,936 log 29548 27840 "GET /dashboard/admin/ HTTP/1.1" 200 48423
INFO 2026-04-22 21:51:10,530 middleware 29548 27840 404 GET /dashboard/admin/logo.png - 17.70ms
WARNING 2026-04-22 21:51:10,531 log 29548 27840 Not Found: /dashboard/admin/logo.png
WARNING 2026-04-22 21:51:10,533 log 29548 27840 "GET /dashboard/admin/logo.png HTTP/1.1" 404 10067
INFO 2026-04-22 21:51:41,026 middleware 29548 27840 200 GET /dashboard/admin/ - 931.07ms
INFO 2026-04-22 21:51:41,029 log 29548 27840 "GET /dashboard/admin/ HTTP/1.1" 200 48423
INFO 2026-04-22 21:51:42,628 middleware 29548 27840 404 GET /dashboard/admin/logo.png - 376.29ms
WARNING 2026-04-22 21:51:42,632 log 29548 27840 Not Found: /dashboard/admin/logo.png
WARNING 2026-04-22 21:51:42,637 log 29548 27840 "GET /dashboard/admin/logo.png HTTP/1.1" 404 10067
INFO 2026-04-22 21:51:45,220 middleware 29548 27840 200 GET /profile/ - 8.23ms
INFO 2026-04-22 21:51:45,222 log 29548 27840 "GET /profile/ HTTP/1.1" 200 0
INFO 2026-04-22 21:51:45,867 middleware 29548 27840 404 GET /profile/logo.png - 16.45ms
WARNING 2026-04-22 21:51:45,868 log 29548 27840 Not Found: /profile/logo.png
WARNING 2026-04-22 21:51:45,870 log 29548 27840 "GET /profile/logo.png HTTP/1.1" 404 10043
INFO 2026-04-22 21:51:54,111 middleware 29548 27840 200 GET /change-password/ - 67.00ms
INFO 2026-04-22 21:51:54,113 log 29548 27840 "GET /change-password/ HTTP/1.1" 200 9156
INFO 2026-04-22 21:51:55,015 middleware 29548 27840 404 GET /change-password/logo.png - 12.04ms
WARNING 2026-04-22 21:51:55,016 log 29548 27840 Not Found: /change-password/logo.png
WARNING 2026-04-22 21:51:55,017 log 29548 27840 "GET /change-password/logo.png HTTP/1.1" 404 10067
INFO 2026-04-22 21:51:55,222 middleware 29548 27840 200 GET /change-password/ - 22.70ms
INFO 2026-04-22 21:51:55,226 log 29548 27840 "GET /change-password/ HTTP/1.1" 200 9156
INFO 2026-04-22 21:51:55,760 middleware 29548 27840 404 GET /change-password/logo.png - 18.37ms
WARNING 2026-04-22 21:51:55,762 log 29548 27840 Not Found: /change-password/logo.png
WARNING 2026-04-22 21:51:55,764 log 29548 27840 "GET /change-password/logo.png HTTP/1.1" 404 10067
INFO 2026-04-23 15:50:25,374 autoreload 21396 19752 Watching for file changes with StatReloader
INFO 2026-04-23 15:52:55,073 middleware 21396 23716 200 GET /swagger/ - 181.51ms
INFO 2026-04-23 15:52:55,083 log 21396 23716 "GET /swagger/ HTTP/1.1" 200 1681
INFO 2026-04-23 15:52:55,241 log 21396 23716 "GET /static/drf-yasg/style.css HTTP/1.1" 304 0
INFO 2026-04-23 15:52:55,248 log 21396 1356 "GET /static/drf-yasg/swagger-ui-dist/swagger-ui.css HTTP/1.1" 304 0
INFO 2026-04-23 15:52:55,262 log 21396 23716 "GET /static/drf-yasg/swagger-ui-dist/swagger-ui-bundle.js HTTP/1.1" 304 0
INFO 2026-04-23 15:52:55,267 log 21396 1356 "GET /static/drf-yasg/swagger-ui-dist/swagger-ui-standalone-preset.js HTTP/1.1" 304 0
INFO 2026-04-23 15:52:55,282 log 21396 23716 "GET /static/drf-yasg/insQ.min.js HTTP/1.1" 304 0
INFO 2026-04-23 15:52:55,288 log 21396 1356 "GET /static/drf-yasg/immutable.min.js HTTP/1.1" 304 0
INFO 2026-04-23 15:52:55,302 log 21396 23716 "GET /static/drf-yasg/swagger-ui-init.js HTTP/1.1" 304 0
INFO 2026-04-23 15:52:55,642 middleware 21396 23716 404 GET /swagger/logo.png - 80.32ms
WARNING 2026-04-23 15:52:55,644 log 21396 23716 Not Found: /swagger/logo.png
WARNING 2026-04-23 15:52:55,647 log 21396 23716 "GET /swagger/logo.png HTTP/1.1" 404 10043
INFO 2026-04-23 15:52:55,775 log 21396 1356 "GET /static/drf-yasg/swagger-ui-dist/favicon-32x32.png HTTP/1.1" 304 0
INFO 2026-04-23 15:52:58,655 middleware 21396 23716 200 GET /swagger/ - 2936.26ms
INFO 2026-04-23 15:52:58,660 log 21396 23716 "GET /swagger/?format=openapi HTTP/1.1" 200 298323
INFO 2026-04-23 15:53:05,623 middleware 21396 23716 200 GET / - 4.51ms
INFO 2026-04-23 15:53:05,625 log 21396 23716 "GET / HTTP/1.1" 200 21850
INFO 2026-04-23 15:53:06,345 middleware 21396 23716 404 GET /logo.png - 17.88ms
WARNING 2026-04-23 15:53:06,348 log 21396 23716 Not Found: /logo.png
WARNING 2026-04-23 15:53:06,350 log 21396 23716 "GET /logo.png HTTP/1.1" 404 10019
INFO 2026-04-23 15:53:17,301 middleware 21396 23716 200 GET /swagger/ - 5.06ms
INFO 2026-04-23 15:53:17,304 log 21396 23716 "GET /swagger/ HTTP/1.1" 200 1681
ERROR 2026-04-23 15:53:17,757 log 21396 23420 Invalid HTTP_HOST header: '10.150.69.138:8000'. You may need to add '10.150.69.138' to ALLOWED_HOSTS.
Traceback (most recent call last):
  File "C:\Users\hounk\Desktop\AMZ\Gestion Tickets\ticket_backend\venv\Lib\site-packages\django\core\handlers\exception.py", line 55, in inner
    response = get_response(request)
  File "C:\Users\hounk\Desktop\AMZ\Gestion Tickets\ticket_backend\venv\Lib\site-packages\django\utils\deprecation.py", line 308, in __call__
    response = self.process_request(request)
  File "C:\Users\hounk\Desktop\AMZ\Gestion Tickets\ticket_backend\venv\Lib\site-packages\django\middleware\common.py", line 48, in process_request
    host = request.get_host()
  File "C:\Users\hounk\Desktop\AMZ\Gestion Tickets\ticket_backend\venv\Lib\site-packages\django\http\request.py", line 206, in get_host
    raise DisallowedHost(msg)
django.core.exceptions.DisallowedHost: Invalid HTTP_HOST header: '10.150.69.138:8000'. You may need to add '10.150.69.138' to ALLOWED_HOSTS.
WARNING 2026-04-23 15:53:17,915 log 21396 23420 "GET /api/docs HTTP/1.1" 400 80052
INFO 2026-04-23 15:53:17,917 middleware 21396 23716 404 GET /swagger/logo.png - 80.66ms
WARNING 2026-04-23 15:53:17,928 log 21396 23716 Not Found: /swagger/logo.png
WARNING 2026-04-23 15:53:17,934 log 21396 23716 "GET /swagger/logo.png HTTP/1.1" 404 10043
ERROR 2026-04-23 15:53:18,988 log 21396 31664 Invalid HTTP_HOST header: '10.150.69.138:8000'. You may need to add '10.150.69.138' to ALLOWED_HOSTS.
Traceback (most recent call last):
  File "C:\Users\hounk\Desktop\AMZ\Gestion Tickets\ticket_backend\venv\Lib\site-packages\django\core\handlers\exception.py", line 55, in inner
    response = get_response(request)
  File "C:\Users\hounk\Desktop\AMZ\Gestion Tickets\ticket_backend\venv\Lib\site-packages\django\utils\deprecation.py", line 308, in __call__
    response = self.process_request(request)
  File "C:\Users\hounk\Desktop\AMZ\Gestion Tickets\ticket_backend\venv\Lib\site-packages\django\middleware\common.py", line 48, in process_request
    host = request.get_host()
  File "C:\Users\hounk\Desktop\AMZ\Gestion Tickets\ticket_backend\venv\Lib\site-packages\django\http\request.py", line 206, in get_host
    raise DisallowedHost(msg)
django.core.exceptions.DisallowedHost: Invalid HTTP_HOST header: '10.150.69.138:8000'. You may need to add '10.150.69.138' to ALLOWED_HOSTS.
WARNING 2026-04-23 15:53:19,020 log 21396 31664 "GET /favicon.ico HTTP/1.1" 400 80029
INFO 2026-04-23 15:53:20,478 middleware 21396 23716 200 GET /swagger/ - 2426.76ms
INFO 2026-04-23 15:53:20,481 log 21396 23716 "GET /swagger/?format=openapi HTTP/1.1" 200 298323
ERROR 2026-04-23 15:53:48,490 log 21396 12564 Invalid HTTP_HOST header: '10.150.69.138:8000'. You may need to add '10.150.69.138' to ALLOWED_HOSTS.
Traceback (most recent call last):
  File "C:\Users\hounk\Desktop\AMZ\Gestion Tickets\ticket_backend\venv\Lib\site-packages\django\core\handlers\exception.py", line 55, in inner
    response = get_response(request)
  File "C:\Users\hounk\Desktop\AMZ\Gestion Tickets\ticket_backend\venv\Lib\site-packages\django\utils\deprecation.py", line 308, in __call__
    response = self.process_request(request)
  File "C:\Users\hounk\Desktop\AMZ\Gestion Tickets\ticket_backend\venv\Lib\site-packages\django\middleware\common.py", line 48, in process_request
    host = request.get_host()
  File "C:\Users\hounk\Desktop\AMZ\Gestion Tickets\ticket_backend\venv\Lib\site-packages\django\http\request.py", line 206, in get_host
    raise DisallowedHost(msg)
django.core.exceptions.DisallowedHost: Invalid HTTP_HOST header: '10.150.69.138:8000'. You may need to add '10.150.69.138' to ALLOWED_HOSTS.
WARNING 2026-04-23 15:53:48,500 log 21396 12564 "GET /swagger HTTP/1.1" 400 80041
ERROR 2026-04-23 15:53:48,818 log 21396 32880 Invalid HTTP_HOST header: '10.150.69.138:8000'. You may need to add '10.150.69.138' to ALLOWED_HOSTS.
Traceback (most recent call last):
  File "C:\Users\hounk\Desktop\AMZ\Gestion Tickets\ticket_backend\venv\Lib\site-packages\django\core\handlers\exception.py", line 55, in inner
    response = get_response(request)
  File "C:\Users\hounk\Desktop\AMZ\Gestion Tickets\ticket_backend\venv\Lib\site-packages\django\utils\deprecation.py", line 308, in __call__
    response = self.process_request(request)
  File "C:\Users\hounk\Desktop\AMZ\Gestion Tickets\ticket_backend\venv\Lib\site-packages\django\middleware\common.py", line 48, in process_request
    host = request.get_host()
  File "C:\Users\hounk\Desktop\AMZ\Gestion Tickets\ticket_backend\venv\Lib\site-packages\django\http\request.py", line 206, in get_host
    raise DisallowedHost(msg)
django.core.exceptions.DisallowedHost: Invalid HTTP_HOST header: '10.150.69.138:8000'. You may need to add '10.150.69.138' to ALLOWED_HOSTS.
WARNING 2026-04-23 15:53:48,825 log 21396 32880 "GET /favicon.ico HTTP/1.1" 400 80028
ERROR 2026-04-23 16:15:21,538 log 21396 41940 Invalid HTTP_HOST header: '10.150.69.138:8000'. You may need to add '10.150.69.138' to ALLOWED_HOSTS.
Traceback (most recent call last):
  File "C:\Users\hounk\Desktop\AMZ\Gestion Tickets\ticket_backend\venv\Lib\site-packages\django\core\handlers\exception.py", line 55, in inner
    response = get_response(request)
  File "C:\Users\hounk\Desktop\AMZ\Gestion Tickets\ticket_backend\venv\Lib\site-packages\django\utils\deprecation.py", line 308, in __call__
    response = self.process_request(request)
  File "C:\Users\hounk\Desktop\AMZ\Gestion Tickets\ticket_backend\venv\Lib\site-packages\django\middleware\common.py", line 48, in process_request
    host = request.get_host()
  File "C:\Users\hounk\Desktop\AMZ\Gestion Tickets\ticket_backend\venv\Lib\site-packages\django\http\request.py", line 206, in get_host
    raise DisallowedHost(msg)
django.core.exceptions.DisallowedHost: Invalid HTTP_HOST header: '10.150.69.138:8000'. You may need to add '10.150.69.138' to ALLOWED_HOSTS.
WARNING 2026-04-23 16:15:21,546 log 21396 41940 "GET /api/docs HTTP/1.1" 400 80189
ERROR 2026-04-23 16:15:21,866 log 21396 41956 Invalid HTTP_HOST header: '10.150.69.138:8000'. You may need to add '10.150.69.138' to ALLOWED_HOSTS.
Traceback (most recent call last):
  File "C:\Users\hounk\Desktop\AMZ\Gestion Tickets\ticket_backend\venv\Lib\site-packages\django\core\handlers\exception.py", line 55, in inner
    response = get_response(request)
  File "C:\Users\hounk\Desktop\AMZ\Gestion Tickets\ticket_backend\venv\Lib\site-packages\django\utils\deprecation.py", line 308, in __call__
    response = self.process_request(request)
  File "C:\Users\hounk\Desktop\AMZ\Gestion Tickets\ticket_backend\venv\Lib\site-packages\django\middleware\common.py", line 48, in process_request
    host = request.get_host()
  File "C:\Users\hounk\Desktop\AMZ\Gestion Tickets\ticket_backend\venv\Lib\site-packages\django\http\request.py", line 206, in get_host
    raise DisallowedHost(msg)
django.core.exceptions.DisallowedHost: Invalid HTTP_HOST header: '10.150.69.138:8000'. You may need to add '10.150.69.138' to ALLOWED_HOSTS.
WARNING 2026-04-23 16:15:21,869 log 21396 41956 "GET /favicon.ico HTTP/1.1" 400 80029
INFO 2026-04-23 16:21:06,464 autoreload 21396 19752 C:\Users\hounk\Desktop\AMZ\Gestion Tickets\ticket_backend\config\settings\dev.py changed, reloading.
INFO 2026-04-23 16:21:12,220 autoreload 33160 36440 Watching for file changes with StatReloader
INFO 2026-04-23 16:24:55,257 middleware 33160 40848 404 GET /api/docs - 22.72ms
WARNING 2026-04-23 16:24:55,275 log 33160 40848 Not Found: /api/docs
WARNING 2026-04-23 16:24:55,278 log 33160 40848 "GET /api/docs HTTP/1.1" 404 10023
INFO 2026-04-23 16:24:55,499 middleware 33160 40848 404 GET /favicon.ico - 8.60ms
WARNING 2026-04-23 16:24:55,500 log 33160 40848 Not Found: /favicon.ico
WARNING 2026-04-23 16:24:55,501 log 33160 40848 "GET /favicon.ico HTTP/1.1" 404 10032
INFO 2026-04-23 16:25:28,961 middleware 33160 40848 404 GET /swagger - 10.49ms
INFO 2026-04-23 16:25:28,963 log 33160 40848 "GET /swagger HTTP/1.1" 301 0
INFO 2026-04-23 16:25:29,116 middleware 33160 40848 200 GET /swagger/ - 80.54ms
INFO 2026-04-23 16:25:29,117 log 33160 40848 "GET /swagger/ HTTP/1.1" 200 1681
INFO 2026-04-23 16:25:29,438 log 33160 40848 "GET /static/drf-yasg/style.css HTTP/1.1" 200 1187
INFO 2026-04-23 16:25:29,706 log 33160 19580 "GET /static/drf-yasg/insQ.min.js HTTP/1.1" 200 2093
INFO 2026-04-23 16:25:29,708 log 33160 29920 "GET /static/drf-yasg/immutable.min.js HTTP/1.1" 200 56904
INFO 2026-04-23 16:25:29,819 log 33160 29812 "GET /static/drf-yasg/swagger-ui-dist/swagger-ui.css HTTP/1.1" 200 177183
INFO 2026-04-23 16:25:29,887 log 33160 40848 "GET /static/drf-yasg/swagger-ui-init.js HTTP/1.1" 200 15480
INFO 2026-04-23 16:25:30,075 log 33160 9132 "GET /static/drf-yasg/swagger-ui-dist/swagger-ui-standalone-preset.js HTTP/1.1" 200 252451
INFO 2026-04-23 16:25:31,249 log 33160 21880 "GET /static/drf-yasg/swagger-ui-dist/swagger-ui-bundle.js HTTP/1.1" 200 1510271
INFO 2026-04-23 16:25:31,541 log 33160 9132 "GET /static/drf-yasg/swagger-ui-dist/favicon-32x32.png HTTP/1.1" 200 628
INFO 2026-04-23 16:25:32,921 middleware 33160 21880 200 GET /swagger/ - 1409.18ms
INFO 2026-04-23 16:25:32,925 log 33160 21880 "GET /swagger/?format=openapi HTTP/1.1" 200 298327
INFO 2026-04-23 16:28:43,297 middleware 33160 39564 200 GET /dashboard/admin/ - 1074.49ms
INFO 2026-04-23 16:28:43,303 log 33160 39564 "GET /dashboard/admin/ HTTP/1.1" 200 48423
INFO 2026-04-23 16:28:46,386 middleware 33160 41316 200 GET /dashboard/admin/ - 100.42ms
INFO 2026-04-23 16:28:46,388 log 33160 41316 "GET /dashboard/admin/ HTTP/1.1" 200 48423
INFO 2026-04-23 16:28:47,614 middleware 33160 41316 404 GET /dashboard/admin/logo.png - 14.87ms
WARNING 2026-04-23 16:28:47,616 log 33160 41316 Not Found: /dashboard/admin/logo.png
WARNING 2026-04-23 16:28:47,617 log 33160 41316 "GET /dashboard/admin/logo.png HTTP/1.1" 404 10067
INFO 2026-04-23 16:28:49,628 middleware 33160 41316 302 GET /logout/ - 36.17ms
INFO 2026-04-23 16:28:49,632 log 33160 41316 "GET /logout/ HTTP/1.1" 302 0
INFO 2026-04-23 16:28:50,023 middleware 33160 41316 200 GET /login/ - 372.21ms
INFO 2026-04-23 16:28:50,025 log 33160 41316 "GET /login/ HTTP/1.1" 200 15533
INFO 2026-04-23 16:28:50,368 middleware 33160 41316 404 GET /login/logo.png - 22.34ms
WARNING 2026-04-23 16:28:50,371 log 33160 41316 Not Found: /login/logo.png
WARNING 2026-04-23 16:28:50,375 log 33160 41316 "GET /login/logo.png HTTP/1.1" 404 10037
INFO 2026-04-23 16:31:59,107 basehttp 33160 41316 - Broken pipe from ('127.0.0.1', 56587)
INFO 2026-04-23 16:32:12,645 middleware 33160 26272 200 GET /login/ - 12.84ms
INFO 2026-04-23 16:32:12,652 log 33160 26272 "GET /login/ HTTP/1.1" 200 15103
INFO 2026-04-23 16:32:15,765 middleware 33160 26272 404 GET /favicon.ico - 23.10ms
WARNING 2026-04-23 16:32:15,767 log 33160 26272 Not Found: /favicon.ico
WARNING 2026-04-23 16:32:15,769 log 33160 26272 "GET /favicon.ico HTTP/1.1" 404 10028
INFO 2026-04-23 16:34:26,371 middleware 33160 32432 200 GET / - 440.92ms
INFO 2026-04-23 16:34:26,373 log 33160 32432 "GET / HTTP/1.1" 200 21850
INFO 2026-04-23 16:34:27,380 middleware 33160 32432 404 GET /logo.png - 73.95ms
WARNING 2026-04-23 16:34:27,383 log 33160 32432 Not Found: /logo.png
WARNING 2026-04-23 16:34:27,385 log 33160 32432 "GET /logo.png HTTP/1.1" 404 10019
INFO 2026-04-23 19:27:04,529 middleware 33160 5172 200 GET /swagger/ - 395.98ms
INFO 2026-04-23 19:27:04,607 log 33160 5172 "GET /swagger/ HTTP/1.1" 200 1681
INFO 2026-04-23 19:27:07,878 middleware 33160 5172 200 GET /swagger/ - 2809.53ms
INFO 2026-04-23 19:27:07,882 log 33160 5172 "GET /swagger/?format=openapi HTTP/1.1" 200 298327
INFO 2026-04-23 20:00:36,977 log 33160 16896 "GET /static/drf-yasg/swagger-ui-dist/swagger-ui-bundle.js HTTP/1.1" 304 0
INFO 2026-04-23 20:00:38,269 log 33160 5012 "GET /static/drf-yasg/swagger-ui-dist/swagger-ui-standalone-preset.js HTTP/1.1" 304 0
INFO 2026-04-23 20:00:38,273 log 33160 16896 "GET /static/drf-yasg/insQ.min.js HTTP/1.1" 304 0
INFO 2026-04-23 20:00:38,282 log 33160 5012 "GET /static/drf-yasg/immutable.min.js HTTP/1.1" 304 0
INFO 2026-04-23 20:00:38,303 log 33160 5012 "GET /static/drf-yasg/swagger-ui-init.js HTTP/1.1" 304 0
INFO 2026-04-23 20:00:39,759 middleware 33160 30904 404 GET /favicon.ico - 440.76ms
WARNING 2026-04-23 20:00:39,790 log 33160 30904 Not Found: /favicon.ico
WARNING 2026-04-23 20:00:39,805 log 33160 30904 "GET /favicon.ico HTTP/1.1" 404 10028
INFO 2026-04-23 20:31:37,832 autoreload 33160 36440 C:\Users\hounk\Desktop\AMZ\Gestion Tickets\ticket_backend\apps\accounts\views.py changed, reloading.
INFO 2026-04-23 20:31:57,498 autoreload 19628 19440 Watching for file changes with StatReloader
INFO 2026-04-23 20:33:12,524 autoreload 19628 19440 C:\Users\hounk\Desktop\AMZ\Gestion Tickets\ticket_backend\apps\companies\views.py changed, reloading.
INFO 2026-04-23 20:33:21,470 autoreload 30736 31360 Watching for file changes with StatReloader
INFO 2026-04-23 20:34:51,905 autoreload 30736 31360 C:\Users\hounk\Desktop\AMZ\Gestion Tickets\ticket_backend\apps\companies\views.py changed, reloading.
INFO 2026-04-23 20:34:55,812 autoreload 35880 37176 Watching for file changes with StatReloader
INFO 2026-04-23 20:36:06,220 autoreload 35880 37176 C:\Users\hounk\Desktop\AMZ\Gestion Tickets\ticket_backend\config\urls.py changed, reloading.
INFO 2026-04-23 20:36:12,563 autoreload 34636 35800 Watching for file changes with StatReloader
INFO 2026-04-23 20:36:50,965 autoreload 34636 35800 C:\Users\hounk\Desktop\AMZ\Gestion Tickets\ticket_backend\config\urls.py changed, reloading.
INFO 2026-04-23 20:36:57,358 autoreload 41400 17352 Watching for file changes with StatReloader
INFO 2026-04-23 20:37:07,585 middleware 41400 34420 200 GET /swagger/ - 146.70ms
INFO 2026-04-23 20:37:07,597 log 41400 34420 "GET /swagger/ HTTP/1.1" 200 1681
INFO 2026-04-23 20:37:07,660 log 41400 34420 "GET /static/drf-yasg/style.css HTTP/1.1" 304 0
INFO 2026-04-23 20:37:07,680 log 41400 1388 "GET /static/drf-yasg/swagger-ui-dist/swagger-ui.css HTTP/1.1" 304 0
INFO 2026-04-23 20:37:07,685 log 41400 41572 "GET /static/drf-yasg/swagger-ui-dist/swagger-ui-bundle.js HTTP/1.1" 304 0
INFO 2026-04-23 20:37:07,686 log 41400 27524 "GET /static/drf-yasg/swagger-ui-dist/swagger-ui-standalone-preset.js HTTP/1.1" 304 0
INFO 2026-04-23 20:37:07,692 log 41400 18576 "GET /static/drf-yasg/insQ.min.js HTTP/1.1" 304 0
INFO 2026-04-23 20:37:07,734 log 41400 34420 "GET /static/drf-yasg/immutable.min.js HTTP/1.1" 304 0
INFO 2026-04-23 20:37:07,765 log 41400 18576 "GET /static/drf-yasg/swagger-ui-init.js HTTP/1.1" 304 0
INFO 2026-04-23 20:37:08,110 log 41400 34420 "GET /static/drf-yasg/swagger-ui-dist/favicon-32x32.png HTTP/1.1" 304 0
INFO 2026-04-23 20:37:11,012 middleware 41400 18576 200 GET /swagger/ - 2934.03ms
INFO 2026-04-23 20:37:11,015 log 41400 18576 "GET /swagger/?format=openapi HTTP/1.1" 200 298566
INFO 2026-04-23 20:43:00,299 basehttp 41400 34420 - Broken pipe from ('10.150.69.2', 63702)
INFO 2026-04-23 20:43:00,300 basehttp 41400 1388 - Broken pipe from ('10.150.69.2', 63629)
INFO 2026-04-23 20:43:00,301 basehttp 41400 18576 - Broken pipe from ('10.150.69.2', 64642)
INFO 2026-04-23 20:43:00,302 basehttp 41400 41572 - Broken pipe from ('10.150.69.2', 55442)
INFO 2026-04-23 20:43:00,302 basehttp 41400 27524 - Broken pipe from ('10.150.69.2', 55250)
ERROR 2026-04-23 20:44:50,640 log 41400 19644 Invalid HTTP_HOST header: '192.168.137.1:8000'. You may need to add '192.168.137.1' to ALLOWED_HOSTS.
Traceback (most recent call last):
  File "C:\Users\hounk\Desktop\AMZ\Gestion Tickets\ticket_backend\venv\Lib\site-packages\django\core\handlers\exception.py", line 55, in inner
    response = get_response(request)
  File "C:\Users\hounk\Desktop\AMZ\Gestion Tickets\ticket_backend\venv\Lib\site-packages\django\utils\deprecation.py", line 308, in __call__
    response = self.process_request(request)
  File "C:\Users\hounk\Desktop\AMZ\Gestion Tickets\ticket_backend\venv\Lib\site-packages\django\middleware\common.py", line 48, in process_request
    host = request.get_host()
  File "C:\Users\hounk\Desktop\AMZ\Gestion Tickets\ticket_backend\venv\Lib\site-packages\django\http\request.py", line 206, in get_host
    raise DisallowedHost(msg)
django.core.exceptions.DisallowedHost: Invalid HTTP_HOST header: '192.168.137.1:8000'. You may need to add '192.168.137.1' to ALLOWED_HOSTS.
WARNING 2026-04-23 20:44:50,647 log 41400 19644 "GET / HTTP/1.1" 400 79315
ERROR 2026-04-23 20:45:35,555 log 41400 25788 Invalid HTTP_HOST header: '192.168.137.1:8000'. You may need to add '192.168.137.1' to ALLOWED_HOSTS.
Traceback (most recent call last):
  File "C:\Users\hounk\Desktop\AMZ\Gestion Tickets\ticket_backend\venv\Lib\site-packages\django\core\handlers\exception.py", line 55, in inner
    response = get_response(request)
  File "C:\Users\hounk\Desktop\AMZ\Gestion Tickets\ticket_backend\venv\Lib\site-packages\django\utils\deprecation.py", line 308, in __call__
    response = self.process_request(request)
  File "C:\Users\hounk\Desktop\AMZ\Gestion Tickets\ticket_backend\venv\Lib\site-packages\django\middleware\common.py", line 48, in process_request
    host = request.get_host()
  File "C:\Users\hounk\Desktop\AMZ\Gestion Tickets\ticket_backend\venv\Lib\site-packages\django\http\request.py", line 206, in get_host
    raise DisallowedHost(msg)
django.core.exceptions.DisallowedHost: Invalid HTTP_HOST header: '192.168.137.1:8000'. You may need to add '192.168.137.1' to ALLOWED_HOSTS.
WARNING 2026-04-23 20:45:35,560 log 41400 25788 "GET / HTTP/1.1" 400 79619
ERROR 2026-04-23 20:45:35,683 log 41400 37984 Invalid HTTP_HOST header: '192.168.137.1:8000'. You may need to add '192.168.137.1' to ALLOWED_HOSTS.
Traceback (most recent call last):
  File "C:\Users\hounk\Desktop\AMZ\Gestion Tickets\ticket_backend\venv\Lib\site-packages\django\core\handlers\exception.py", line 55, in inner
    response = get_response(request)
  File "C:\Users\hounk\Desktop\AMZ\Gestion Tickets\ticket_backend\venv\Lib\site-packages\django\utils\deprecation.py", line 308, in __call__
    response = self.process_request(request)
  File "C:\Users\hounk\Desktop\AMZ\Gestion Tickets\ticket_backend\venv\Lib\site-packages\django\middleware\common.py", line 48, in process_request
    host = request.get_host()
  File "C:\Users\hounk\Desktop\AMZ\Gestion Tickets\ticket_backend\venv\Lib\site-packages\django\http\request.py", line 206, in get_host
    raise DisallowedHost(msg)
django.core.exceptions.DisallowedHost: Invalid HTTP_HOST header: '192.168.137.1:8000'. You may need to add '192.168.137.1' to ALLOWED_HOSTS.
WARNING 2026-04-23 20:45:35,688 log 41400 37984 "GET / HTTP/1.1" 400 79315
ERROR 2026-04-23 20:45:35,888 log 41400 41164 Invalid HTTP_HOST header: '192.168.137.1:8000'. You may need to add '192.168.137.1' to ALLOWED_HOSTS.
Traceback (most recent call last):
  File "C:\Users\hounk\Desktop\AMZ\Gestion Tickets\ticket_backend\venv\Lib\site-packages\django\core\handlers\exception.py", line 55, in inner
    response = get_response(request)
  File "C:\Users\hounk\Desktop\AMZ\Gestion Tickets\ticket_backend\venv\Lib\site-packages\django\utils\deprecation.py", line 308, in __call__
    response = self.process_request(request)
  File "C:\Users\hounk\Desktop\AMZ\Gestion Tickets\ticket_backend\venv\Lib\site-packages\django\middleware\common.py", line 48, in process_request
    host = request.get_host()
  File "C:\Users\hounk\Desktop\AMZ\Gestion Tickets\ticket_backend\venv\Lib\site-packages\django\http\request.py", line 206, in get_host
    raise DisallowedHost(msg)
django.core.exceptions.DisallowedHost: Invalid HTTP_HOST header: '192.168.137.1:8000'. You may need to add '192.168.137.1' to ALLOWED_HOSTS.
WARNING 2026-04-23 20:45:35,892 log 41400 41164 "GET /index.asp HTTP/1.1" 400 79308
ERROR 2026-04-23 20:45:36,144 log 41400 26516 Invalid HTTP_HOST header: '192.168.137.1'. You may need to add '192.168.137.1' to ALLOWED_HOSTS.
Traceback (most recent call last):
  File "C:\Users\hounk\Desktop\AMZ\Gestion Tickets\ticket_backend\venv\Lib\site-packages\django\core\handlers\exception.py", line 55, in inner
    response = get_response(request)
  File "C:\Users\hounk\Desktop\AMZ\Gestion Tickets\ticket_backend\venv\Lib\site-packages\django\utils\deprecation.py", line 308, in __call__
    response = self.process_request(request)
  File "C:\Users\hounk\Desktop\AMZ\Gestion Tickets\ticket_backend\venv\Lib\site-packages\django\middleware\common.py", line 48, in process_request
    host = request.get_host()
  File "C:\Users\hounk\Desktop\AMZ\Gestion Tickets\ticket_backend\venv\Lib\site-packages\django\http\request.py", line 206, in get_host
    raise DisallowedHost(msg)
django.core.exceptions.DisallowedHost: Invalid HTTP_HOST header: '192.168.137.1'. You may need to add '192.168.137.1' to ALLOWED_HOSTS.
WARNING 2026-04-23 20:45:36,148 log 41400 26516 "GET /loginMsg.js HTTP/1.1" 400 79389
ERROR 2026-04-23 20:45:36,486 log 41400 12752 Invalid HTTP_HOST header: '192.168.137.1'. You may need to add '192.168.137.1' to ALLOWED_HOSTS.
Traceback (most recent call last):
  File "C:\Users\hounk\Desktop\AMZ\Gestion Tickets\ticket_backend\venv\Lib\site-packages\django\core\handlers\exception.py", line 55, in inner
    response = get_response(request)
  File "C:\Users\hounk\Desktop\AMZ\Gestion Tickets\ticket_backend\venv\Lib\site-packages\django\utils\deprecation.py", line 308, in __call__
    response = self.process_request(request)
  File "C:\Users\hounk\Desktop\AMZ\Gestion Tickets\ticket_backend\venv\Lib\site-packages\django\middleware\common.py", line 48, in process_request
    host = request.get_host()
  File "C:\Users\hounk\Desktop\AMZ\Gestion Tickets\ticket_backend\venv\Lib\site-packages\django\http\request.py", line 206, in get_host
    raise DisallowedHost(msg)
django.core.exceptions.DisallowedHost: Invalid HTTP_HOST header: '192.168.137.1'. You may need to add '192.168.137.1' to ALLOWED_HOSTS.
WARNING 2026-04-23 20:45:36,490 log 41400 12752 "GET /cgi/get.cgi?cmd=home_login HTTP/1.1" 400 79811
ERROR 2026-04-23 20:46:46,257 log 41400 36144 Invalid HTTP_HOST header: '192.168.1.121:8000'. You may need to add '192.168.1.121' to ALLOWED_HOSTS.
Traceback (most recent call last):
  File "C:\Users\hounk\Desktop\AMZ\Gestion Tickets\ticket_backend\venv\Lib\site-packages\django\core\handlers\exception.py", line 55, in inner
    response = get_response(request)
  File "C:\Users\hounk\Desktop\AMZ\Gestion Tickets\ticket_backend\venv\Lib\site-packages\django\utils\deprecation.py", line 308, in __call__
    response = self.process_request(request)
  File "C:\Users\hounk\Desktop\AMZ\Gestion Tickets\ticket_backend\venv\Lib\site-packages\django\middleware\common.py", line 48, in process_request
    host = request.get_host()
  File "C:\Users\hounk\Desktop\AMZ\Gestion Tickets\ticket_backend\venv\Lib\site-packages\django\http\request.py", line 206, in get_host
    raise DisallowedHost(msg)
django.core.exceptions.DisallowedHost: Invalid HTTP_HOST header: '192.168.1.121:8000'. You may need to add '192.168.1.121' to ALLOWED_HOSTS.
WARNING 2026-04-23 20:46:46,263 log 41400 36144 "GET /swagger HTTP/1.1" 400 80121
ERROR 2026-04-23 20:47:04,858 log 41400 27724 Invalid HTTP_HOST header: '192.168.1.121:8000'. You may need to add '192.168.1.121' to ALLOWED_HOSTS.
Traceback (most recent call last):
  File "C:\Users\hounk\Desktop\AMZ\Gestion Tickets\ticket_backend\venv\Lib\site-packages\django\core\handlers\exception.py", line 55, in inner
    response = get_response(request)
  File "C:\Users\hounk\Desktop\AMZ\Gestion Tickets\ticket_backend\venv\Lib\site-packages\django\utils\deprecation.py", line 308, in __call__
    response = self.process_request(request)
  File "C:\Users\hounk\Desktop\AMZ\Gestion Tickets\ticket_backend\venv\Lib\site-packages\django\middleware\common.py", line 48, in process_request
    host = request.get_host()
  File "C:\Users\hounk\Desktop\AMZ\Gestion Tickets\ticket_backend\venv\Lib\site-packages\django\http\request.py", line 206, in get_host
    raise DisallowedHost(msg)
django.core.exceptions.DisallowedHost: Invalid HTTP_HOST header: '192.168.1.121:8000'. You may need to add '192.168.1.121' to ALLOWED_HOSTS.
WARNING 2026-04-23 20:47:04,865 log 41400 27724 "GET /favicon.ico HTTP/1.1" 400 80108
INFO 2026-04-23 20:47:40,053 autoreload 41400 17352 C:\Users\hounk\Desktop\AMZ\Gestion Tickets\ticket_backend\config\settings\dev.py changed, reloading.
INFO 2026-04-23 20:47:50,032 autoreload 13296 38408 Watching for file changes with StatReloader
INFO 2026-04-23 20:47:59,308 autoreload 13296 38408 C:\Users\hounk\Desktop\AMZ\Gestion Tickets\ticket_backend\config\settings\dev.py changed, reloading.
INFO 2026-04-23 20:48:04,820 autoreload 6408 39736 Watching for file changes with StatReloader
ERROR 2026-04-23 20:48:34,152 log 6408 6616 Invalid HTTP_HOST header: '192.168.1.121:8000'. You may need to add '192.168.1.121' to ALLOWED_HOSTS.
Traceback (most recent call last):
  File "C:\Users\hounk\Desktop\AMZ\Gestion Tickets\ticket_backend\venv\Lib\site-packages\django\core\handlers\exception.py", line 55, in inner
    response = get_response(request)
  File "C:\Users\hounk\Desktop\AMZ\Gestion Tickets\ticket_backend\venv\Lib\site-packages\django\utils\deprecation.py", line 308, in __call__
    response = self.process_request(request)
  File "C:\Users\hounk\Desktop\AMZ\Gestion Tickets\ticket_backend\venv\Lib\site-packages\django\middleware\common.py", line 48, in process_request
    host = request.get_host()
  File "C:\Users\hounk\Desktop\AMZ\Gestion Tickets\ticket_backend\venv\Lib\site-packages\django\http\request.py", line 206, in get_host
    raise DisallowedHost(msg)
django.core.exceptions.DisallowedHost: Invalid HTTP_HOST header: '192.168.1.121:8000'. You may need to add '192.168.1.121' to ALLOWED_HOSTS.
WARNING 2026-04-23 20:48:34,666 log 6408 6616 "GET /swagger HTTP/1.1" 400 80284
ERROR 2026-04-23 20:48:34,777 log 6408 33012 Invalid HTTP_HOST header: '192.168.1.121:8000'. You may need to add '192.168.1.121' to ALLOWED_HOSTS.
Traceback (most recent call last):
  File "C:\Users\hounk\Desktop\AMZ\Gestion Tickets\ticket_backend\venv\Lib\site-packages\django\core\handlers\exception.py", line 55, in inner
    response = get_response(request)
  File "C:\Users\hounk\Desktop\AMZ\Gestion Tickets\ticket_backend\venv\Lib\site-packages\django\utils\deprecation.py", line 308, in __call__
    response = self.process_request(request)
  File "C:\Users\hounk\Desktop\AMZ\Gestion Tickets\ticket_backend\venv\Lib\site-packages\django\middleware\common.py", line 48, in process_request
    host = request.get_host()
  File "C:\Users\hounk\Desktop\AMZ\Gestion Tickets\ticket_backend\venv\Lib\site-packages\django\http\request.py", line 206, in get_host
    raise DisallowedHost(msg)
django.core.exceptions.DisallowedHost: Invalid HTTP_HOST header: '192.168.1.121:8000'. You may need to add '192.168.1.121' to ALLOWED_HOSTS.
WARNING 2026-04-23 20:48:34,783 log 6408 33012 "GET /favicon.ico HTTP/1.1" 400 80134
ERROR 2026-04-23 20:48:38,654 log 6408 7348 Invalid HTTP_HOST header: '192.168.1.121:8000'. You may need to add '192.168.1.121' to ALLOWED_HOSTS.
Traceback (most recent call last):
  File "C:\Users\hounk\Desktop\AMZ\Gestion Tickets\ticket_backend\venv\Lib\site-packages\django\core\handlers\exception.py", line 55, in inner
    response = get_response(request)
  File "C:\Users\hounk\Desktop\AMZ\Gestion Tickets\ticket_backend\venv\Lib\site-packages\django\utils\deprecation.py", line 308, in __call__
    response = self.process_request(request)
  File "C:\Users\hounk\Desktop\AMZ\Gestion Tickets\ticket_backend\venv\Lib\site-packages\django\middleware\common.py", line 48, in process_request
    host = request.get_host()
  File "C:\Users\hounk\Desktop\AMZ\Gestion Tickets\ticket_backend\venv\Lib\site-packages\django\http\request.py", line 206, in get_host
    raise DisallowedHost(msg)
django.core.exceptions.DisallowedHost: Invalid HTTP_HOST header: '192.168.1.121:8000'. You may need to add '192.168.1.121' to ALLOWED_HOSTS.
WARNING 2026-04-23 20:48:38,662 log 6408 7348 "GET /swagger HTTP/1.1" 400 80284
ERROR 2026-04-23 20:48:38,876 log 6408 38112 Invalid HTTP_HOST header: '192.168.1.121:8000'. You may need to add '192.168.1.121' to ALLOWED_HOSTS.
Traceback (most recent call last):
  File "C:\Users\hounk\Desktop\AMZ\Gestion Tickets\ticket_backend\venv\Lib\site-packages\django\core\handlers\exception.py", line 55, in inner
    response = get_response(request)
  File "C:\Users\hounk\Desktop\AMZ\Gestion Tickets\ticket_backend\venv\Lib\site-packages\django\utils\deprecation.py", line 308, in __call__
    response = self.process_request(request)
  File "C:\Users\hounk\Desktop\AMZ\Gestion Tickets\ticket_backend\venv\Lib\site-packages\django\middleware\common.py", line 48, in process_request
    host = request.get_host()
  File "C:\Users\hounk\Desktop\AMZ\Gestion Tickets\ticket_backend\venv\Lib\site-packages\django\http\request.py", line 206, in get_host
    raise DisallowedHost(msg)
django.core.exceptions.DisallowedHost: Invalid HTTP_HOST header: '192.168.1.121:8000'. You may need to add '192.168.1.121' to ALLOWED_HOSTS.
WARNING 2026-04-23 20:48:38,881 log 6408 38112 "GET /favicon.ico HTTP/1.1" 400 80134
ERROR 2026-04-23 20:49:07,157 log 6408 39740 Invalid HTTP_HOST header: '192.168.1.121:8000'. You may need to add '192.168.1.121' to ALLOWED_HOSTS.
Traceback (most recent call last):
  File "C:\Users\hounk\Desktop\AMZ\Gestion Tickets\ticket_backend\venv\Lib\site-packages\django\core\handlers\exception.py", line 55, in inner
    response = get_response(request)
  File "C:\Users\hounk\Desktop\AMZ\Gestion Tickets\ticket_backend\venv\Lib\site-packages\django\utils\deprecation.py", line 308, in __call__
    response = self.process_request(request)
  File "C:\Users\hounk\Desktop\AMZ\Gestion Tickets\ticket_backend\venv\Lib\site-packages\django\middleware\common.py", line 48, in process_request
    host = request.get_host()
  File "C:\Users\hounk\Desktop\AMZ\Gestion Tickets\ticket_backend\venv\Lib\site-packages\django\http\request.py", line 206, in get_host
    raise DisallowedHost(msg)
django.core.exceptions.DisallowedHost: Invalid HTTP_HOST header: '192.168.1.121:8000'. You may need to add '192.168.1.121' to ALLOWED_HOSTS.
WARNING 2026-04-23 20:49:07,164 log 6408 39740 "GET /swagger HTTP/1.1" 400 80284
ERROR 2026-04-23 20:49:07,383 log 6408 31576 Invalid HTTP_HOST header: '192.168.1.121:8000'. You may need to add '192.168.1.121' to ALLOWED_HOSTS.
Traceback (most recent call last):
  File "C:\Users\hounk\Desktop\AMZ\Gestion Tickets\ticket_backend\venv\Lib\site-packages\django\core\handlers\exception.py", line 55, in inner
    response = get_response(request)
  File "C:\Users\hounk\Desktop\AMZ\Gestion Tickets\ticket_backend\venv\Lib\site-packages\django\utils\deprecation.py", line 308, in __call__
    response = self.process_request(request)
  File "C:\Users\hounk\Desktop\AMZ\Gestion Tickets\ticket_backend\venv\Lib\site-packages\django\middleware\common.py", line 48, in process_request
    host = request.get_host()
  File "C:\Users\hounk\Desktop\AMZ\Gestion Tickets\ticket_backend\venv\Lib\site-packages\django\http\request.py", line 206, in get_host
    raise DisallowedHost(msg)
django.core.exceptions.DisallowedHost: Invalid HTTP_HOST header: '192.168.1.121:8000'. You may need to add '192.168.1.121' to ALLOWED_HOSTS.
WARNING 2026-04-23 20:49:07,389 log 6408 31576 "GET /favicon.ico HTTP/1.1" 400 80134
ERROR 2026-04-23 20:49:18,429 log 6408 2352 Invalid HTTP_HOST header: '192.168.1.121:8000'. You may need to add '192.168.1.121' to ALLOWED_HOSTS.
Traceback (most recent call last):
  File "C:\Users\hounk\Desktop\AMZ\Gestion Tickets\ticket_backend\venv\Lib\site-packages\django\core\handlers\exception.py", line 55, in inner
    response = get_response(request)
  File "C:\Users\hounk\Desktop\AMZ\Gestion Tickets\ticket_backend\venv\Lib\site-packages\django\utils\deprecation.py", line 308, in __call__
    response = self.process_request(request)
  File "C:\Users\hounk\Desktop\AMZ\Gestion Tickets\ticket_backend\venv\Lib\site-packages\django\middleware\common.py", line 48, in process_request
    host = request.get_host()
  File "C:\Users\hounk\Desktop\AMZ\Gestion Tickets\ticket_backend\venv\Lib\site-packages\django\http\request.py", line 206, in get_host
    raise DisallowedHost(msg)
django.core.exceptions.DisallowedHost: Invalid HTTP_HOST header: '192.168.1.121:8000'. You may need to add '192.168.1.121' to ALLOWED_HOSTS.
WARNING 2026-04-23 20:49:18,433 log 6408 2352 "GET /swagger HTTP/1.1" 400 80147
ERROR 2026-04-23 20:49:18,782 log 6408 22640 Invalid HTTP_HOST header: '192.168.1.121:8000'. You may need to add '192.168.1.121' to ALLOWED_HOSTS.
Traceback (most recent call last):
  File "C:\Users\hounk\Desktop\AMZ\Gestion Tickets\ticket_backend\venv\Lib\site-packages\django\core\handlers\exception.py", line 55, in inner
    response = get_response(request)
  File "C:\Users\hounk\Desktop\AMZ\Gestion Tickets\ticket_backend\venv\Lib\site-packages\django\utils\deprecation.py", line 308, in __call__
    response = self.process_request(request)
  File "C:\Users\hounk\Desktop\AMZ\Gestion Tickets\ticket_backend\venv\Lib\site-packages\django\middleware\common.py", line 48, in process_request
    host = request.get_host()
  File "C:\Users\hounk\Desktop\AMZ\Gestion Tickets\ticket_backend\venv\Lib\site-packages\django\http\request.py", line 206, in get_host
    raise DisallowedHost(msg)
django.core.exceptions.DisallowedHost: Invalid HTTP_HOST header: '192.168.1.121:8000'. You may need to add '192.168.1.121' to ALLOWED_HOSTS.
WARNING 2026-04-23 20:49:18,789 log 6408 22640 "GET /favicon.ico HTTP/1.1" 400 80134
ERROR 2026-04-23 20:50:07,295 log 6408 18456 Invalid HTTP_HOST header: '192.168.1.121:8000'. You may need to add '192.168.1.121' to ALLOWED_HOSTS.
Traceback (most recent call last):
  File "C:\Users\hounk\Desktop\AMZ\Gestion Tickets\ticket_backend\venv\Lib\site-packages\django\core\handlers\exception.py", line 55, in inner
    response = get_response(request)
  File "C:\Users\hounk\Desktop\AMZ\Gestion Tickets\ticket_backend\venv\Lib\site-packages\django\utils\deprecation.py", line 308, in __call__
    response = self.process_request(request)
  File "C:\Users\hounk\Desktop\AMZ\Gestion Tickets\ticket_backend\venv\Lib\site-packages\django\middleware\common.py", line 48, in process_request
    host = request.get_host()
  File "C:\Users\hounk\Desktop\AMZ\Gestion Tickets\ticket_backend\venv\Lib\site-packages\django\http\request.py", line 206, in get_host
    raise DisallowedHost(msg)
django.core.exceptions.DisallowedHost: Invalid HTTP_HOST header: '192.168.1.121:8000'. You may need to add '192.168.1.121' to ALLOWED_HOSTS.
WARNING 2026-04-23 20:50:07,300 log 6408 18456 "GET /swagger HTTP/1.1" 400 80147
ERROR 2026-04-23 20:50:07,740 log 6408 12492 Invalid HTTP_HOST header: '192.168.1.121:8000'. You may need to add '192.168.1.121' to ALLOWED_HOSTS.
Traceback (most recent call last):
  File "C:\Users\hounk\Desktop\AMZ\Gestion Tickets\ticket_backend\venv\Lib\site-packages\django\core\handlers\exception.py", line 55, in inner
    response = get_response(request)
  File "C:\Users\hounk\Desktop\AMZ\Gestion Tickets\ticket_backend\venv\Lib\site-packages\django\utils\deprecation.py", line 308, in __call__
    response = self.process_request(request)
  File "C:\Users\hounk\Desktop\AMZ\Gestion Tickets\ticket_backend\venv\Lib\site-packages\django\middleware\common.py", line 48, in process_request
    host = request.get_host()
  File "C:\Users\hounk\Desktop\AMZ\Gestion Tickets\ticket_backend\venv\Lib\site-packages\django\http\request.py", line 206, in get_host
    raise DisallowedHost(msg)
django.core.exceptions.DisallowedHost: Invalid HTTP_HOST header: '192.168.1.121:8000'. You may need to add '192.168.1.121' to ALLOWED_HOSTS.
WARNING 2026-04-23 20:50:07,748 log 6408 12492 "GET /favicon.ico HTTP/1.1" 400 80134
INFO 2026-04-23 20:51:54,120 autoreload 6408 39736 C:\Users\hounk\Desktop\AMZ\Gestion Tickets\ticket_backend\config\settings\dev.py changed, reloading.
INFO 2026-04-23 20:51:58,002 autoreload 4568 40084 Watching for file changes with StatReloader
INFO 2026-04-23 20:52:36,639 middleware 4568 17160 404 GET /swagger - 15.68ms
INFO 2026-04-23 20:52:36,645 log 4568 17160 "GET /swagger HTTP/1.1" 301 0
INFO 2026-04-23 20:52:39,897 middleware 4568 25352 404 GET /swagger - 24.89ms
INFO 2026-04-23 20:52:39,902 log 4568 25352 "GET /swagger HTTP/1.1" 301 0
INFO 2026-04-23 20:52:43,222 middleware 4568 25352 200 GET /swagger/ - 69.19ms
INFO 2026-04-23 20:52:43,224 log 4568 25352 "GET /swagger/ HTTP/1.1" 200 1681
INFO 2026-04-23 20:52:46,016 log 4568 13936 "GET /static/drf-yasg/style.css HTTP/1.1" 200 1187
INFO 2026-04-23 20:52:46,580 log 4568 29708 "GET /static/drf-yasg/insQ.min.js HTTP/1.1" 200 2093
INFO 2026-04-23 20:52:46,802 log 4568 13936 "GET /static/drf-yasg/immutable.min.js HTTP/1.1" 200 56904
INFO 2026-04-23 20:52:47,001 log 4568 29944 "GET /static/drf-yasg/swagger-ui-dist/swagger-ui.css HTTP/1.1" 200 177183
INFO 2026-04-23 20:52:47,162 log 4568 29708 "GET /static/drf-yasg/swagger-ui-init.js HTTP/1.1" 200 15480
INFO 2026-04-23 20:52:47,617 log 4568 32684 "GET /static/drf-yasg/swagger-ui-dist/swagger-ui-standalone-preset.js HTTP/1.1" 200 252451
INFO 2026-04-23 20:52:51,416 log 4568 25352 "GET /static/drf-yasg/swagger-ui-dist/swagger-ui-bundle.js HTTP/1.1" 200 1510271
INFO 2026-04-23 20:52:51,706 log 4568 32684 "GET /static/drf-yasg/swagger-ui-dist/favicon-32x32.png HTTP/1.1" 200 628
INFO 2026-04-23 20:52:53,809 middleware 4568 25352 200 GET /swagger/ - 2127.12ms
INFO 2026-04-23 20:52:53,815 log 4568 25352 "GET /swagger/?format=openapi HTTP/1.1" 200 298566
INFO 2026-04-23 21:28:06,106 middleware 4568 23768 200 GET /api/companies/ - 15.41ms
INFO 2026-04-23 21:28:06,109 log 4568 23768 "GET /api/companies/ HTTP/1.1" 200 123
INFO 2026-04-23 21:34:49,948 middleware 4568 22212 200 GET /api/companies/ - 6.28ms
INFO 2026-04-23 21:34:49,950 log 4568 22212 "GET /api/companies/ HTTP/1.1" 200 123
INFO 2026-04-23 21:34:50,176 middleware 4568 22212 404 GET /favicon.ico - 25.27ms
WARNING 2026-04-23 21:34:50,177 log 4568 22212 Not Found: /favicon.ico
WARNING 2026-04-23 21:34:50,180 log 4568 22212 "GET /favicon.ico HTTP/1.1" 404 10210
INFO 2026-04-23 21:35:38,201 middleware 4568 22212 200 GET /api/companies/ - 6.09ms
INFO 2026-04-23 21:35:38,203 log 4568 22212 "GET /api/companies/ HTTP/1.1" 200 123
INFO 2026-04-23 21:37:57,279 middleware 4568 39808 200 GET /api/companies/ - 8.99ms
INFO 2026-04-23 21:37:57,281 log 4568 39808 "GET /api/companies/ HTTP/1.1" 200 123
INFO 2026-04-23 21:41:05,836 middleware 4568 18480 200 GET /api/companies/ - 5.98ms
INFO 2026-04-23 21:41:05,838 log 4568 18480 "GET /api/companies/ HTTP/1.1" 200 123
INFO 2026-04-23 21:45:06,696 middleware 4568 11876 200 GET /api/companies/ - 8.77ms
INFO 2026-04-23 21:45:06,699 log 4568 11876 "GET /api/companies/ HTTP/1.1" 200 123
INFO 2026-04-23 21:48:46,233 middleware 4568 1532 200 GET /api/companies/ - 6.89ms
INFO 2026-04-23 21:48:46,235 log 4568 1532 "GET /api/companies/ HTTP/1.1" 200 123
INFO 2026-04-23 21:49:03,443 middleware 4568 17764 400 POST /api/auth/login/ - 1629.37ms
WARNING 2026-04-23 21:49:03,444 log 4568 17764 Bad Request: /api/auth/login/
WARNING 2026-04-23 21:49:03,446 log 4568 17764 "POST /api/auth/login/ HTTP/1.1" 400 57
INFO 2026-04-23 21:52:30,402 middleware 4568 19564 400 POST /api/auth/login/ - 1620.48ms
WARNING 2026-04-23 21:52:30,404 log 4568 19564 Bad Request: /api/auth/login/
WARNING 2026-04-23 21:52:30,405 log 4568 19564 "POST /api/auth/login/ HTTP/1.1" 400 57
INFO 2026-04-23 21:53:53,416 middleware 4568 19564 200 GET /api/companies/ - 5.82ms
INFO 2026-04-23 21:53:53,418 log 4568 19564 "GET /api/companies/ HTTP/1.1" 200 123
INFO 2026-04-23 21:59:22,634 autoreload 4568 40084 C:\Users\hounk\Desktop\AMZ\Gestion Tickets\ticket_backend\apps\accounts\views.py changed, reloading.
INFO 2026-04-23 21:59:35,208 autoreload 21652 26496 Watching for file changes with StatReloader
INFO 2026-04-23 21:59:43,916 autoreload 21652 26496 C:\Users\hounk\Desktop\AMZ\Gestion Tickets\ticket_backend\apps\accounts\views.py changed, reloading.
INFO 2026-04-23 21:59:49,918 autoreload 36148 24152 Watching for file changes with StatReloader
INFO 2026-04-23 22:00:48,236 middleware 36148 14456 200 GET /api/companies/ - 9.03ms
INFO 2026-04-23 22:00:48,243 log 36148 14456 "GET /api/companies/ HTTP/1.1" 200 123
INFO 2026-04-23 22:01:25,676 middleware 36148 8368 200 GET /api/companies/ - 5.12ms
INFO 2026-04-23 22:01:25,678 log 36148 8368 "GET /api/companies/ HTTP/1.1" 200 123
INFO 2026-04-23 22:02:22,691 middleware 36148 30788 200 GET /api/companies/ - 8.43ms
INFO 2026-04-23 22:02:22,693 log 36148 30788 "GET /api/companies/ HTTP/1.1" 200 123
INFO 2026-04-23 22:02:33,721 middleware 36148 19460 200 GET /swagger/ - 87.01ms
INFO 2026-04-23 22:02:33,723 log 36148 19460 "GET /swagger/ HTTP/1.1" 200 1681
INFO 2026-04-23 22:02:36,217 middleware 36148 19460 200 GET /swagger/ - 2142.34ms
INFO 2026-04-23 22:02:36,221 log 36148 19460 "GET /swagger/?format=openapi HTTP/1.1" 200 298566
INFO 2026-04-23 22:03:53,011 middleware 36148 19460 200 GET /swagger/ - 2.59ms
INFO 2026-04-23 22:03:53,013 log 36148 19460 "GET /swagger/ HTTP/1.1" 200 1681
INFO 2026-04-23 22:03:53,097 log 36148 19460 "GET /static/drf-yasg/style.css HTTP/1.1" 200 1187
INFO 2026-04-23 22:03:53,115 log 36148 5712 "GET /static/drf-yasg/insQ.min.js HTTP/1.1" 200 2093
INFO 2026-04-23 22:03:53,124 log 36148 29792 "GET /static/drf-yasg/immutable.min.js HTTP/1.1" 200 56904
INFO 2026-04-23 22:03:53,634 log 36148 5712 "GET /static/drf-yasg/swagger-ui-init.js HTTP/1.1" 200 15480
INFO 2026-04-23 22:03:59,629 log 36148 32008 "GET /static/drf-yasg/swagger-ui-dist/swagger-ui.css HTTP/1.1" 200 177183
INFO 2026-04-23 22:03:59,980 log 36148 32820 "GET /static/drf-yasg/swagger-ui-dist/swagger-ui-standalone-preset.js HTTP/1.1" 200 252451
INFO 2026-04-23 22:04:00,972 log 36148 12028 "GET /static/drf-yasg/swagger-ui-dist/swagger-ui-bundle.js HTTP/1.1" 200 1510271
INFO 2026-04-23 22:04:01,349 log 36148 32820 "GET /static/drf-yasg/swagger-ui-dist/favicon-32x32.png HTTP/1.1" 200 628
INFO 2026-04-23 22:04:03,142 middleware 36148 12028 200 GET /swagger/ - 1839.84ms
INFO 2026-04-23 22:04:03,147 log 36148 12028 "GET /swagger/?format=openapi HTTP/1.1" 200 298566
INFO 2026-04-23 22:04:41,441 middleware 36148 18440 404 GET /swagger - 26.71ms
INFO 2026-04-23 22:04:41,443 log 36148 18440 "GET /swagger HTTP/1.1" 301 0
INFO 2026-04-23 22:04:41,524 middleware 36148 18440 200 GET /swagger/ - 3.99ms
INFO 2026-04-23 22:04:41,526 log 36148 18440 "GET /swagger/ HTTP/1.1" 200 1681
INFO 2026-04-23 22:04:41,565 log 36148 18440 "GET /static/drf-yasg/style.css HTTP/1.1" 200 1187
INFO 2026-04-23 22:04:41,944 log 36148 37328 "GET /static/drf-yasg/insQ.min.js HTTP/1.1" 200 2093
INFO 2026-04-23 22:04:41,948 log 36148 26896 "GET /static/drf-yasg/immutable.min.js HTTP/1.1" 200 56904
INFO 2026-04-23 22:04:42,008 log 36148 18440 "GET /static/drf-yasg/swagger-ui-init.js HTTP/1.1" 200 15480
INFO 2026-04-23 22:04:42,146 log 36148 39268 "GET /static/drf-yasg/swagger-ui-dist/swagger-ui.css HTTP/1.1" 200 177183
INFO 2026-04-23 22:04:42,187 log 36148 21652 "GET /static/drf-yasg/swagger-ui-dist/swagger-ui-standalone-preset.js HTTP/1.1" 200 252451
INFO 2026-04-23 22:04:42,596 log 36148 22744 "GET /static/drf-yasg/swagger-ui-dist/swagger-ui-bundle.js HTTP/1.1" 200 1510271
INFO 2026-04-23 22:04:43,035 log 36148 21652 "GET /static/drf-yasg/swagger-ui-dist/favicon-32x32.png HTTP/1.1" 200 628
INFO 2026-04-23 22:04:45,252 middleware 36148 22744 200 GET /swagger/ - 2242.78ms
INFO 2026-04-23 22:04:45,273 log 36148 22744 "GET /swagger/?format=openapi HTTP/1.1" 200 298566
INFO 2026-04-23 22:08:13,670 middleware 36148 39292 200 GET /api/companies/ - 8.72ms
INFO 2026-04-23 22:08:13,673 log 36148 39292 "GET /api/companies/ HTTP/1.1" 200 123
INFO 2026-04-23 22:08:22,634 middleware 36148 26664 200 GET /api/companies/ - 7.70ms
INFO 2026-04-23 22:08:22,636 log 36148 26664 "GET /api/companies/ HTTP/1.1" 200 123
INFO 2026-04-23 22:09:20,581 autoreload 36148 24152 C:\Users\hounk\Desktop\AMZ\Gestion Tickets\ticket_backend\apps\accounts\views.py changed, reloading.
INFO 2026-04-23 22:09:25,321 autoreload 13024 28468 Watching for file changes with StatReloader
INFO 2026-04-23 22:09:45,497 middleware 13024 7404 200 GET /swagger/ - 100.92ms
INFO 2026-04-23 22:09:45,503 log 13024 7404 "GET /swagger/ HTTP/1.1" 200 1681
INFO 2026-04-23 22:09:45,648 log 13024 7404 "GET /static/drf-yasg/style.css HTTP/1.1" 304 0
INFO 2026-04-23 22:09:45,651 log 13024 40792 "GET /static/drf-yasg/swagger-ui-dist/swagger-ui.css HTTP/1.1" 304 0
INFO 2026-04-23 22:09:45,667 log 13024 7404 "GET /static/drf-yasg/swagger-ui-dist/swagger-ui-bundle.js HTTP/1.1" 304 0
INFO 2026-04-23 22:09:45,673 log 13024 40792 "GET /static/drf-yasg/swagger-ui-dist/swagger-ui-standalone-preset.js HTTP/1.1" 304 0
INFO 2026-04-23 22:09:45,685 log 13024 7404 "GET /static/drf-yasg/insQ.min.js HTTP/1.1" 304 0
INFO 2026-04-23 22:09:45,694 log 13024 40792 "GET /static/drf-yasg/immutable.min.js HTTP/1.1" 304 0
INFO 2026-04-23 22:09:45,699 log 13024 7404 "GET /static/drf-yasg/swagger-ui-init.js HTTP/1.1" 304 0
INFO 2026-04-23 22:09:46,394 middleware 13024 7404 404 GET /swagger/logo.png - 26.66ms
WARNING 2026-04-23 22:09:46,396 log 13024 7404 Not Found: /swagger/logo.png
WARNING 2026-04-23 22:09:46,400 log 13024 7404 "GET /swagger/logo.png HTTP/1.1" 404 10221
INFO 2026-04-23 22:09:46,637 log 13024 40792 "GET /static/drf-yasg/swagger-ui-dist/favicon-32x32.png HTTP/1.1" 304 0
INFO 2026-04-23 22:09:49,330 middleware 13024 7404 200 GET /swagger/ - 2805.84ms
INFO 2026-04-23 22:09:49,334 log 13024 7404 "GET /swagger/?format=openapi HTTP/1.1" 200 299058
INFO 2026-04-23 22:11:42,738 middleware 13024 39984 200 GET /api/companies/ - 14.13ms
INFO 2026-04-23 22:11:42,741 log 13024 39984 "GET /api/companies/ HTTP/1.1" 200 123
INFO 2026-04-23 22:12:57,013 middleware 13024 6556 200 GET /api/companies/ - 6.91ms
INFO 2026-04-23 22:12:57,016 log 13024 6556 "GET /api/companies/ HTTP/1.1" 200 123
INFO 2026-04-23 22:13:10,006 autoreload 13024 28468 C:\Users\hounk\Desktop\AMZ\Gestion Tickets\ticket_backend\apps\accounts\views.py changed, reloading.
INFO 2026-04-23 22:13:16,777 autoreload 23184 20272 Watching for file changes with StatReloader
INFO 2026-04-23 22:13:27,205 autoreload 23184 20272 C:\Users\hounk\Desktop\AMZ\Gestion Tickets\ticket_backend\apps\accounts\views.py changed, reloading.
INFO 2026-04-23 22:13:31,140 autoreload 23324 20408 Watching for file changes with StatReloader
INFO 2026-04-23 22:13:34,109 middleware 23324 36992 200 GET /swagger/ - 87.62ms
INFO 2026-04-23 22:13:34,117 log 23324 36992 "GET /swagger/ HTTP/1.1" 200 1681
INFO 2026-04-23 22:13:34,837 middleware 23324 22844 200 GET /swagger/ - 2.95ms
INFO 2026-04-23 22:13:34,841 log 23324 22844 "GET /swagger/ HTTP/1.1" 200 1681
INFO 2026-04-23 22:13:37,085 middleware 23324 36992 404 GET /swagger/logo.png - 69.86ms
WARNING 2026-04-23 22:13:37,117 log 23324 36992 Not Found: /swagger/logo.png
WARNING 2026-04-23 22:13:37,237 log 23324 36992 "GET /swagger/logo.png HTTP/1.1" 404 10221
INFO 2026-04-23 22:13:38,626 middleware 23324 22844 200 GET /swagger/ - 3437.99ms
INFO 2026-04-23 22:13:38,697 log 23324 22844 "GET /swagger/?format=openapi HTTP/1.1" 200 299026
INFO 2026-04-23 22:13:41,582 middleware 23324 36992 200 GET /swagger/ - 4154.74ms
INFO 2026-04-23 22:13:41,584 log 23324 36992 "GET /swagger/?format=openapi HTTP/1.1" 200 299022
INFO 2026-04-23 22:14:48,913 middleware 23324 41732 401 POST /api/auth/login/ - 1566.13ms
WARNING 2026-04-23 22:14:48,914 log 23324 41732 Unauthorized: /api/auth/login/
WARNING 2026-04-23 22:14:48,916 log 23324 41732 "POST /api/auth/login/ HTTP/1.1" 401 43
INFO 2026-04-23 22:15:23,525 middleware 23324 22844 401 POST /api/auth/login/ - 1472.17ms
WARNING 2026-04-23 22:15:23,526 log 23324 22844 Unauthorized: /api/auth/login/
WARNING 2026-04-23 22:15:23,527 log 23324 22844 "POST /api/auth/login/ HTTP/1.1" 401 43
INFO 2026-04-23 22:17:16,885 middleware 23324 36992 200 GET /login/ - 1026.16ms
INFO 2026-04-23 22:17:16,889 log 23324 36992 "GET /login/ HTTP/1.1" 200 15103
INFO 2026-04-23 22:17:18,926 middleware 23324 36992 404 GET /login/logo.png - 31.47ms
WARNING 2026-04-23 22:17:18,929 log 23324 36992 Not Found: /login/logo.png
WARNING 2026-04-23 22:17:18,933 log 23324 36992 "GET /login/logo.png HTTP/1.1" 404 10215
ERROR 2026-04-23 22:19:22,325 log 23324 36992 Internal Server Error: /login/
Traceback (most recent call last):
  File "C:\Users\hounk\Desktop\AMZ\Gestion Tickets\ticket_backend\venv\Lib\site-packages\django\core\handlers\exception.py", line 55, in inner
    response = get_response(request)
  File "C:\Users\hounk\Desktop\AMZ\Gestion Tickets\ticket_backend\venv\Lib\site-packages\django\core\handlers\base.py", line 198, in _get_response
    response = wrapped_callback(request, *callback_args, **callback_kwargs)
  File "C:\Users\hounk\Desktop\AMZ\Gestion Tickets\ticket_backend\apps\core\views.py", line 124, in login_view
    if user.company and user.company.id != company.id:
       ^^^^^^^^^^^^
AttributeError: 'User' object has no attribute 'company'
INFO 2026-04-23 22:19:22,332 middleware 23324 36992 500 POST /login/ - 2156.31ms
ERROR 2026-04-23 22:19:22,335 log 23324 36992 "POST /login/ HTTP/1.1" 500 80610
INFO 2026-04-23 22:19:23,330 middleware 23324 36992 404 GET /login/logo.png - 17.50ms
WARNING 2026-04-23 22:19:23,332 log 23324 36992 Not Found: /login/logo.png
WARNING 2026-04-23 22:19:23,335 log 23324 36992 "GET /login/logo.png HTTP/1.1" 404 10215
INFO 2026-04-23 22:33:26,520 autoreload 23908 23912 Watching for file changes with StatReloader
INFO 2026-04-23 22:33:50,558 middleware 23908 3456 404 GET /favicon.ico - 578.06ms
WARNING 2026-04-23 22:33:50,570 log 23908 3456 Not Found: /favicon.ico
WARNING 2026-04-23 22:33:50,572 log 23908 3456 "GET /favicon.ico HTTP/1.1" 404 10206
INFO 2026-04-23 22:36:43,963 middleware 23908 20920 200 GET /swagger/ - 824.17ms
INFO 2026-04-23 22:36:44,002 log 23908 20920 "GET /swagger/ HTTP/1.1" 200 1681
INFO 2026-04-23 22:36:44,177 log 23908 20920 "GET /static/drf-yasg/style.css HTTP/1.1" 200 1187
INFO 2026-04-23 22:36:44,317 log 23908 21184 "GET /static/drf-yasg/insQ.min.js HTTP/1.1" 200 2093
INFO 2026-04-23 22:36:44,404 log 23908 20920 "GET /static/drf-yasg/swagger-ui-init.js HTTP/1.1" 200 15480
INFO 2026-04-23 22:36:44,416 log 23908 20808 "GET /static/drf-yasg/swagger-ui-dist/swagger-ui.css HTTP/1.1" 200 177183
INFO 2026-04-23 22:36:44,446 log 23908 23100 "GET /static/drf-yasg/immutable.min.js HTTP/1.1" 200 56904
INFO 2026-04-23 22:36:44,692 log 23908 18132 "GET /static/drf-yasg/swagger-ui-dist/swagger-ui-standalone-preset.js HTTP/1.1" 200 252451
INFO 2026-04-23 22:36:46,074 log 23908 21288 "GET /static/drf-yasg/swagger-ui-dist/swagger-ui-bundle.js HTTP/1.1" 200 1510271
INFO 2026-04-23 22:36:46,659 log 23908 18132 "GET /static/drf-yasg/swagger-ui-dist/favicon-32x32.png HTTP/1.1" 200 628
INFO 2026-04-23 22:36:50,421 middleware 23908 21288 200 GET /swagger/ - 3849.05ms
INFO 2026-04-23 22:36:50,426 log 23908 21288 "GET /swagger/?format=openapi HTTP/1.1" 200 299026
INFO 2026-04-23 22:37:23,554 middleware 23908 21288 401 POST /api/auth/login/ - 1140.41ms
WARNING 2026-04-23 22:37:23,556 log 23908 21288 Unauthorized: /api/auth/login/
WARNING 2026-04-23 22:37:23,557 log 23908 21288 "POST /api/auth/login/ HTTP/1.1" 401 43
INFO 2026-04-23 22:37:30,110 autoreload 23908 23912 C:\Users\hounk\Desktop\AMZ\Gestion Tickets\ticket_backend\apps\core\views.py changed, reloading.
INFO 2026-04-23 22:37:34,122 autoreload 9248 21244 Watching for file changes with StatReloader
INFO 2026-04-23 22:41:12,477 middleware 9248 13288 200 GET /swagger/ - 111.76ms
INFO 2026-04-23 22:41:12,488 log 9248 13288 "GET /swagger/ HTTP/1.1" 200 1681
INFO 2026-04-23 22:41:15,124 middleware 9248 13288 200 GET /swagger/ - 2100.29ms
INFO 2026-04-23 22:41:15,127 log 9248 13288 "GET /swagger/?format=openapi HTTP/1.1" 200 299026
ERROR 2026-04-23 22:45:32,855 log 9248 13288 Internal Server Error: /api/auth/login/
Traceback (most recent call last):
  File "C:\Users\hounk\Desktop\AMZ\Gestion Tickets\ticket_backend\venv\Lib\site-packages\django\core\handlers\exception.py", line 55, in inner
    response = get_response(request)
  File "C:\Users\hounk\Desktop\AMZ\Gestion Tickets\ticket_backend\venv\Lib\site-packages\django\core\handlers\base.py", line 198, in _get_response
    response = wrapped_callback(request, *callback_args, **callback_kwargs)
  File "C:\Users\hounk\Desktop\AMZ\Gestion Tickets\ticket_backend\venv\Lib\site-packages\django\views\decorators\csrf.py", line 65, in _view_wrapper
    return view_func(request, *args, **kwargs)
  File "C:\Users\hounk\Desktop\AMZ\Gestion Tickets\ticket_backend\venv\Lib\site-packages\django\views\generic\base.py", line 106, in view
    return self.dispatch(request, *args, **kwargs)
           ~~~~~~~~~~~~~^^^^^^^^^^^^^^^^^^^^^^^^^^
  File "C:\Users\hounk\Desktop\AMZ\Gestion Tickets\ticket_backend\venv\Lib\site-packages\rest_framework\views.py", line 515, in dispatch
    response = self.handle_exception(exc)
  File "C:\Users\hounk\Desktop\AMZ\Gestion Tickets\ticket_backend\venv\Lib\site-packages\rest_framework\views.py", line 475, in handle_exception
    self.raise_uncaught_exception(exc)
    ~~~~~~~~~~~~~~~~~~~~~~~~~~~~~^^^^^
  File "C:\Users\hounk\Desktop\AMZ\Gestion Tickets\ticket_backend\venv\Lib\site-packages\rest_framework\views.py", line 486, in raise_uncaught_exception
    raise exc
  File "C:\Users\hounk\Desktop\AMZ\Gestion Tickets\ticket_backend\venv\Lib\site-packages\rest_framework\views.py", line 512, in dispatch
    response = handler(request, *args, **kwargs)
  File "C:\Users\hounk\Desktop\AMZ\Gestion Tickets\ticket_backend\apps\accounts\views.py", line 261, in post
    if user.company and user.company.id != company.id:
       ^^^^^^^^^^^^
AttributeError: 'User' object has no attribute 'company'
INFO 2026-04-23 22:45:32,861 middleware 9248 13288 500 POST /api/auth/login/ - 1582.91ms
ERROR 2026-04-23 22:45:32,863 log 9248 13288 "POST /api/auth/login/ HTTP/1.1" 500 22870
INFO 2026-04-23 22:50:59,143 autoreload 9248 21244 C:\Users\hounk\Desktop\AMZ\Gestion Tickets\ticket_backend\apps\companies\models.py changed, reloading.
INFO 2026-04-23 22:51:03,994 autoreload 8112 22264 Watching for file changes with StatReloader
INFO 2026-04-23 22:51:41,086 autoreload 8112 22264 C:\Users\hounk\Desktop\AMZ\Gestion Tickets\ticket_backend\apps\companies\models.py changed, reloading.
INFO 2026-04-23 22:51:44,331 autoreload 21592 17304 Watching for file changes with StatReloader
INFO 2026-04-23 22:52:11,918 autoreload 2056 7644 Watching for file changes with StatReloader
INFO 2026-04-23 22:54:43,679 autoreload 2056 7644 C:\Users\hounk\Desktop\AMZ\Gestion Tickets\ticket_backend\apps\companies\models.py changed, reloading.
INFO 2026-04-23 22:54:46,264 autoreload 10132 9700 Watching for file changes with StatReloader
INFO 2026-04-23 22:55:23,755 autoreload 10132 9700 C:\Users\hounk\Desktop\AMZ\Gestion Tickets\ticket_backend\apps\companies\models.py changed, reloading.
INFO 2026-04-23 22:55:25,868 autoreload 10924 23388 Watching for file changes with StatReloader
INFO 2026-04-23 22:55:53,437 autoreload 10924 23388 C:\Users\hounk\Desktop\AMZ\Gestion Tickets\ticket_backend\apps\accounts\models.py changed, reloading.
INFO 2026-04-23 22:55:56,030 autoreload 888 8308 Watching for file changes with StatReloader
INFO 2026-04-23 23:02:06,463 autoreload 12196 792 Watching for file changes with StatReloader
INFO 2026-04-23 23:02:20,835 middleware 12196 17496 200 GET /swagger/ - 44.23ms
INFO 2026-04-23 23:02:20,838 log 12196 17496 "GET /swagger/ HTTP/1.1" 200 1681
INFO 2026-04-23 23:02:22,307 middleware 12196 17496 200 GET /swagger/ - 1243.07ms
INFO 2026-04-23 23:02:22,309 log 12196 17496 "GET /swagger/?format=openapi HTTP/1.1" 200 299026
INFO 2026-04-23 23:02:58,836 middleware 12196 17496 200 POST /api/auth/login/ - 1407.86ms
INFO 2026-04-23 23:02:58,838 log 12196 17496 "POST /api/auth/login/ HTTP/1.1" 200 642
